"","year","week-of-year","total-fox-density","all-fox-but-cub-density","bait-take","bait-cost","HRsize"
"1",1,1,1.81554289442283,1.82232346241458,0,0,107
"2",1,3,1.72941135506896,1.71878235659557,0,0,107
"3",1,5,1.70650403077272,1.71878235659557,0,0,107
"4",1,7,1.70137279013036,1.69807413543177,0,0,107
"5",1,9,1.66985231189873,1.67736591426796,0,0,107
"6",1,11,1.63869835085585,1.65665769310416,0,0,107
"7",1,13,1.61780687109768,1.63594947194036,0,0,107
"8",1,15,1.61799012969205,1.63594947194036,0,0,107
"9",1,17,1.57657368736444,1.59453302961276,0,0,107
"10",1,19,1.52892645282826,1.55311658728515,0,0,107
"11",1,21,1.51408250668429,1.53240836612135,0,0,107
"12",1,23,1.45507323929717,1.47028370262994,0,0,107
"13",1,25,1.45397368773095,1.47028370262994,0,0,107
"14",1,27,1.42538534700924,1.44957548146614,0,0,107
"15",1,29,1.36399371789532,1.38745081797474,0,0,107
"16",1,31,1.34255246235403,1.36674259681093,0,0,107
"17",1,33,1.34255246235403,1.36674259681093,0,0,107
"18",1,35,1.32092794821838,1.34603437564713,0,0,107
"19",1,37,3.38588578957885,1.30461793331953,0,0,107
"20",1,39,3.23987111083692,1.28390971215573,0,0,107
"21",1,41,3.13503839931659,1.26320149099192,0,0,107
"22",1,43,3.02636605285518,1.24249326982812,0,0,107
"23",1,45,2.94353316819998,1.20107682750052,0,0,107
"24",1,47,2.82148294434957,1.11824394284531,0,0,107
"25",1,49,2.76119086680185,2.75419341478567,0,0,107
"26",1,51,2.6646135875689,2.65065230896666,0,0,107
"27",2,1,2.60688713034238,2.60923586663906,0,0,107
"28",2,3,2.48282106195395,2.48498653965624,0,0,107
"29",2,5,2.3569224076218,2.36073721267343,0,0,107
"30",2,7,2.232673080639,2.23648788569062,0,0,107
"31",2,9,2.33588129469949,2.34002899150963,0,0,107
"32",2,11,2.20906634739546,2.21577966452682,0,0,107
"33",2,13,2.27107793643503,2.27790432801822,0,0,107
"34",2,15,2.21170215185916,2.23648788569062,0,0,107
"35",2,17,2.15489198760448,2.17436322219921,0,0,107
"36",2,19,2.08012248110155,2.11223855870781,0,0,107
"37",2,21,2.02804194822922,2.0708221163802,0,0,107
"38",2,23,1.90692583817827,1.94657278939739,0,0,107
"39",2,25,1.83909516845307,1.88444812590598,0,0,107
"40",2,27,1.80576709408607,1.84303168357838,0,0,107
"41",2,29,1.7641673931641,1.80161524125078,0,0,107
"42",2,31,1.69654497184159,1.73949057775937,0,0,107
"43",2,33,1.64963077168288,1.67736591426796,0,0,107
"44",2,35,1.58878891835205,1.61524125077656,0,0,107
"45",2,37,3.64699827083649,1.51170014495755,0,0,107
"46",2,39,3.52058085644085,1.47028370262994,0,0,107
"47",2,41,3.40751030371458,1.38745081797474,0,0,107
"48",2,43,3.33768877925962,1.38745081797474,0,0,107
"49",2,45,3.25650522195376,1.36674259681093,0,0,107
"50",2,47,3.17825380215778,1.36674259681093,0,0,107
"51",2,49,3.13353870513151,3.16835783806171,0,0,107
"52",2,51,3.06573302521463,3.0855249534065,0,0,107
"53",3,1,2.96255843658434,2.98198384758749,0,0,107
"54",3,3,2.92334109738917,2.96127562642369,0,0,107
"55",3,5,2.8694630706444,2.89915096293228,0,0,107
"56",3,7,2.76958713671278,2.81631807827708,0,0,107
"57",3,9,2.70141493960718,2.69206875129426,0,0,107
"58",3,11,2.51577398351044,2.48498653965624,0,0,107
"59",3,13,2.41223287769142,2.40215365500104,0,0,107
"60",3,15,2.26159431311932,2.21577966452682,0,0,107
"61",3,17,2.21046516529011,2.17436322219921,0,0,107
"62",3,19,2.09079730316651,2.0501138952164,0,0,107
"63",3,21,2.03765231079924,1.98798923172499,0,0,107
"64",3,23,2.0074146427282,1.96728101056119,0,0,107
"65",3,25,1.92531479245046,1.88444812590598,0,0,107
"66",3,27,1.8903124009258,1.84303168357838,0,0,107
"67",3,29,1.8622738359872,1.82232346241458,0,0,107
"68",3,31,1.82379771235676,1.78090702008697,0,0,107
"69",3,33,1.80289805141134,1.76019879892317,0,0,107
"70",3,35,1.72281404567168,1.67736591426796,0,0,107
"71",3,37,4.40773571178573,1.69807413543177,0,0,107
"72",3,39,4.3855295508071,1.73949057775937,0,0,107
"73",3,41,4.25926437928619,1.69807413543177,0,0,107
"74",3,43,4.21253343772186,1.67736591426796,0,0,107
"75",3,45,4.07836450037283,1.63594947194036,0,0,107
"76",3,47,4.05307481434979,1.63594947194036,0,0,107
"77",3,49,3.77232264777504,3.78960447297577,0,0,107
"78",3,51,3.66163445677557,3.68606336715676,0,0,107
"79",4,1,3.52107511489383,3.49968937668254,0,0,107
"80",4,3,3.38218874663163,3.35473182853593,0,0,107
"81",4,5,3.30778575731742,3.29260716504452,0,0,107
"82",4,7,3.26197110872493,3.25119072271692,0,0,107
"83",4,9,3.16246169198203,3.16835783806171,0,0,107
"84",4,11,3.07779622138312,3.1062331745703,0,0,107
"85",4,13,2.87712806054807,2.89915096293228,0,0,107
"86",4,15,2.85000578858131,2.85773452060468,0,0,107
"87",4,17,2.78329966023063,2.79560985711327,0,0,107
"88",4,19,2.74188321790302,2.75419341478567,0,0,107
"89",4,21,2.7164102732856,2.73348519362187,0,0,107
"90",4,23,2.67132865907059,2.69206875129426,0,0,107
"91",4,25,2.62881266517676,2.65065230896666,0,0,107
"92",4,27,2.58116543064059,2.60923586663906,0,0,107
"93",4,29,2.48623747875697,2.50569476082005,0,0,107
"94",4,31,2.48733703032318,2.50569476082005,0,0,107
"95",4,33,2.44207215751381,2.44357009732864,0,0,107
"96",4,35,2.39094300968459,2.40215365500104,0,0,107
"97",4,37,5.51672111173287,2.36073721267343,0,0,107
"98",4,39,5.31715250246403,2.25719610685442,0,0,107
"99",4,41,5.06462215942229,2.13294677987161,0,0,107
"100",4,43,4.94982658557942,2.13294677987161,0,0,107
"101",4,45,4.72240266996633,2.0294056740526,0,0,107
"102",4,47,4.52210102632005,1.92586456823359,0,0,107
"103",4,49,4.34939573665632,4.30731000207082,0,0,107
"104",4,51,4.26198138714187,4.24518533857942,0,0,107
"105",5,1,4.0752408794789,4.0381031269414,0,0,107
"106",5,3,4.01183340582688,3.99668668461379,0,0,107
"107",5,5,3.79467197149847,3.76889625181197,0,0,107
"108",5,7,3.66767376560009,3.64464692482916,0,0,107
"109",5,9,3.60576423176287,3.58252226133775,0,0,107
"110",5,11,3.49855795405649,3.49968937668254,0,0,107
"111",5,13,3.44632925466106,3.45827293435494,0,0,107
"112",5,15,3.41114360454201,3.41685649202733,0,0,107
"113",5,17,3.44009846245245,3.45827293435494,0,0,107
"114",5,19,3.26435347045166,3.27189894388072,0,0,107
"115",5,21,3.20222880696026,3.20977428038931,0,0,107
"116",5,23,3.15678067555651,3.16835783806171,0,0,107
"117",5,25,3.07229846355198,3.0855249534065,0,0,107
"118",5,27,3.01585481648603,3.0234002899151,0,0,107
"119",5,29,2.97058994367665,2.98198384758749,0,0,107
"120",5,31,2.89691998873994,2.89915096293228,0,0,107
"121",5,33,2.81005541500859,2.79560985711327,0,0,107
"122",5,35,2.72832208191959,2.71277697245807,0,0,107
"123",5,37,5.64856713197737,2.69206875129426,0,0,107
"124",5,39,5.40869635808418,2.58852764547525,0,0,107
"125",5,41,5.31461875320273,2.60923586663906,0,0,107
"126",5,43,5.19026186139279,2.52640298198385,0,0,107
"127",5,45,5.10944482127563,2.50569476082005,0,0,107
"128",5,47,4.94946006839068,2.44357009732864,0,0,107
"129",5,49,4.84646873835479,4.92855663698488,0,0,107
"130",5,51,4.72643435904247,4.80430731000207,0,0,107
"131",6,1,4.51275483800715,4.59722509836405,0,0,107
"132",6,3,4.39455304463854,4.47297577138124,0,0,107
"133",6,5,4.2552765129174,4.32801822323462,0,0,107
"134",6,7,4.06351232943918,4.1209360115966,0,0,107
"135",6,9,3.77124674247893,3.76889625181197,0,0,107
"136",6,11,3.57332746055941,3.52039759784634,0,0,107
"137",6,13,3.39886527871924,3.39614827086353,0,0,107
"138",6,15,3.26343717747985,3.27189894388072,0,0,107
"139",6,17,3.21505690856619,3.20977428038931,0,0,107
"140",6,19,3.27260010719832,3.27189894388072,0,0,107
"141",6,21,3.23118366487072,3.23048250155312,0,0,107
"142",6,23,3.1478010044324,3.14764961689791,0,0,107
"143",6,25,3.06111968929542,3.0441085110789,0,0,107
"144",6,27,2.95373015299464,2.96127562642369,0,0,107
"145",6,29,2.89710324733433,2.89915096293228,0,0,107
"146",6,31,2.82251699942577,2.81631807827708,0,0,107
"147",6,33,2.8241663267751,2.83702629944088,0,0,107
"148",6,35,2.77505302348395,2.77490163594947,0,0,107
"149",6,37,5.06440702976802,2.69206875129426,0,0,107
"150",6,39,4.90031489403969,2.60923586663906,0,0,107
"151",6,41,4.7520586911944,2.56781942431145,0,0,107
"152",6,43,4.40789905096763,2.29861254918203,0,0,107
"153",6,45,4.33221325149287,2.25719610685442,0,0,107
"154",6,47,4.11599998119621,2.23648788569062,0,0,107
"155",6,49,3.95161702204638,3.93456202112239,0,0,107
"156",6,51,3.88710999682816,3.87243735763098,0,0,107
"157",7,1,3.80108602230141,3.76889625181197,0,0,107
"158",7,3,3.7554546323033,3.72747980948437,0,0,107
"159",7,5,3.65979364604221,3.62393870366536,0,0,107
"160",7,7,3.5798928988969,3.56181404017395,0,0,107
"161",7,9,3.57989289889685,3.60323048250155,0,0,107
"162",7,11,3.56790539649556,3.56181404017395,0,0,107
"163",7,13,3.49716757906876,3.49968937668254,0,0,107
"164",7,15,3.47151137585697,3.47898115551874,0,0,107
"165",7,17,3.36430509815053,3.35473182853593,0,0,107
"166",7,19,3.17023424671277,3.18906605922551,0,0,107
"167",7,21,3.08520225892512,3.0855249534065,0,0,107
"168",7,23,3.04671795410744,3.0648167322427,0,0,107
"169",7,25,2.9396949349954,2.94056740525989,0,0,107
"170",7,27,2.9061586122257,2.89915096293228,0,0,107
"171",7,29,2.78172602664851,2.77490163594947,0,0,107
"172",7,31,2.71795203580778,2.73348519362187,0,0,107
"173",7,33,2.70659000295684,2.71277697245807,0,0,107
"174",7,35,2.65032961448528,2.65065230896666,0,0,107
"175",7,37,5.611832322211,2.60923586663906,0,0,107
"176",7,39,5.40841528246037,2.54711120314765,0,0,107
"177",7,41,5.22104930524702,2.42286187616484,0,0,107
"178",7,43,5.01095926233183,2.31932077034583,0,0,107
"179",7,45,4.86490216261898,2.27790432801822,0,0,107
"180",7,47,4.66643310491633,2.21577966452682,0,0,107
"181",7,49,4.56655717098471,4.55580865603645,0,0,107
"182",7,51,4.50644835203137,4.51439221370884,0,0,107
"183",8,1,4.44359065416248,4.45226755021744,0,0,107
"184",8,3,4.35764237340296,4.36943466556223,0,0,107
"185",8,5,4.12453744136437,4.14164423276041,0,0,107
"186",8,7,3.99442383936174,3.99668668461379,0,0,107
"187",8,9,3.78899095507294,3.78960447297577,0,0,107
"188",8,11,3.46198192894976,3.45827293435494,0,0,107
"189",8,13,3.36760375284923,3.35473182853593,0,0,107
"190",8,15,3.31951430735705,3.29260716504452,0,0,107
"191",8,17,3.18243687876832,3.16835783806171,0,0,107
"192",8,19,3.11939592230507,3.1062331745703,0,0,107
"193",8,21,3.05745451740803,3.0441085110789,0,0,107
"194",8,23,2.95208082564531,2.94056740525989,0,0,107
"195",8,25,2.95208082564531,2.94056740525989,0,0,107
"196",8,27,2.87639502617053,2.85773452060468,0,0,107
"197",8,29,2.79605206806926,2.77490163594947,0,0,107
"198",8,31,2.78641505633489,2.77490163594947,0,0,107
"199",8,33,2.74078366633678,2.73348519362187,0,0,107
"200",8,35,2.70394868886842,2.69206875129426,0,0,107
"201",8,37,5.73003411557951,2.56781942431145,0,0,107
"202",8,39,5.53761259149108,2.52640298198385,0,0,107
"203",8,41,5.43278867551145,2.50569476082005,0,0,107
"204",8,43,5.21214532789006,2.40215365500104,0,0,107
"205",8,45,5.01715818348046,2.44357009732864,0,0,107
"206",8,47,4.85204218995314,2.38144543383723,0,0,107
"207",8,49,4.73933815441565,4.78359908883827,0,0,107
"208",8,51,4.65103938298923,4.68005798301926,0,0,107
"209",9,1,4.52558293961308,4.59722509836405,0,0,107
"210",9,3,4.40408249154578,4.45226755021744,0,0,107
"211",9,5,4.24263166990585,4.26589355974322,0,0,107
"212",9,7,4.22192344874204,4.24518533857942,0,0,107
"213",9,9,3.8956474569962,3.91385379995858,0,0,107
"214",9,11,3.79367998475935,3.81031269413957,0,0,107
"215",9,13,3.77095591905745,3.81031269413957,0,0,107
"216",9,15,3.55005361907443,3.56181404017395,0,0,107
"217",9,17,3.41858151314394,3.41685649202733,0,0,107
"218",9,19,3.25592357511066,3.25119072271692,0,0,107
"219",9,21,3.15036662475358,3.14764961689791,0,0,107
"220",9,23,3.15036662475358,3.14764961689791,0,0,107
"221",9,25,3.04517619158522,3.0441085110789,0,0,107
"222",9,27,3.06405182680533,3.0648167322427,0,0,107
"223",9,29,2.94016901701126,2.94056740525989,0,0,107
"224",9,31,2.9185445028756,2.91985918409609,0,0,107
"225",9,33,2.80070922669573,2.79560985711327,0,0,107
"226",9,35,2.76240818047241,2.75419341478567,0,0,107
"227",9,37,5.77060995870248,2.71277697245807,0,0,107
"228",9,39,5.59449844951298,2.60923586663906,0,0,107
"229",9,41,5.41435525124735,2.54711120314765,0,0,107
"230",9,43,5.21423686619542,2.52640298198385,0,0,107
"231",9,45,5.13140398154021,2.48498653965624,0,0,107
"232",9,47,5.01275997721561,2.44357009732864,0,0,107
"233",9,49,4.84965982822637,4.84572375232967,0,0,107
"234",9,51,4.74776804975668,4.74218264651067,0,0,107
"235",10,1,4.50311782627282,4.49368399254504,0,0,107
"236",10,3,4.49523770671492,4.49368399254504,0,0,107
"237",10,5,4.37043860394897,4.36943466556223,0,0,107
"238",10,7,4.26634772234685,4.26589355974322,0,0,107
"239",10,9,4.15155214850385,4.16235245392421,0,0,107
"240",10,11,4.10217989285116,4.1209360115966,0,0,107
"241",10,13,3.95542162982075,3.95527024228619,0,0,107
"242",10,15,3.89622910383925,3.91385379995858,0,0,107
"243",10,17,3.79213822223711,3.78960447297577,0,0,107
"244",10,19,3.71425331962987,3.70677158832056,0,0,107
"245",10,21,3.61804255758566,3.62393870366536,0,0,107
"246",10,23,3.53044494947683,3.54110581901015,0,0,107
"247",10,25,3.4331346358664,3.43756471319114,0,0,107
"248",10,27,3.31896453157393,3.33402360737213,0,0,107
"249",10,29,3.27883089940692,3.29260716504452,0,0,107
"250",10,31,3.15054988334796,3.14764961689791,0,0,107
"251",10,33,3.08549308234662,3.0855249534065,0,0,107
"252",10,35,2.98323478668819,3.00269206875129,0,0,107
"253",10,37,5.5989285268378,2.91985918409609,0,0,107
"254",10,39,5.40009295194643,2.81631807827708,0,0,107
"255",10,41,5.24249056078825,2.71277697245807,0,0,107
"256",10,43,5.07041074067489,2.65065230896666,0,0,107
"257",10,45,4.92537749876104,2.56781942431145,0,0,107
"258",10,47,4.76326933651088,2.52640298198385,0,0,107
"259",10,49,4.58954018904816,4.59722509836405,0,0,107
"260",10,51,4.5301644044723,4.53510043487264,0,0,107
"261",11,1,4.39950102668651,4.39014288672603,0,0,107
"262",11,3,4.25454347853989,4.26589355974322,0,0,107
"263",11,5,4.07183465995305,4.079519569269,0,0,107
"264",11,7,3.99156739561904,3.99668668461379,0,0,107
"265",11,9,3.89986240466671,3.89314557879478,0,0,107
"266",11,11,3.92057062583055,3.93456202112239,0,0,107
"267",11,13,3.6832826171814,3.68606336715676,0,0,107
"268",11,15,3.61895885055753,3.62393870366536,0,0,107
"269",11,17,3.51175257285111,3.52039759784634,0,0,107
"270",11,19,3.41077708735328,3.41685649202733,0,0,107
"271",11,21,3.34828590667313,3.35473182853593,0,0,107
"272",11,23,3.30833553310048,3.31331538620832,0,0,107
"273",11,25,3.13845481611954,3.12694139573411,0,0,107
"274",11,27,3.11206557853027,3.1062331745703,0,0,107
"275",11,29,2.99276423359544,2.98198384758749,0,0,107
"276",11,31,2.93063957010403,2.91985918409609,0,0,107
"277",11,33,2.8472569096657,2.83702629944088,0,0,107
"278",11,35,2.79594450324212,2.79560985711327,0,0,107
"279",11,37,5.27654478828123,2.79560985711327,0,0,107
"280",11,39,5.01796691162521,2.69206875129426,0,0,107
"281",11,41,4.86109755484452,2.58852764547525,0,0,107
"282",11,43,4.7062440426019,2.54711120314765,0,0,107
"283",11,45,4.58107842264724,2.48498653965624,0,0,107
"284",11,47,4.51393008334061,2.50569476082005,0,0,107
"285",11,49,4.23181941283801,4.28660178090702,0,0,107
"286",11,51,4.17922419625384,4.22447711741561,0,0,107
"287",12,1,3.98507765104882,4.01739490577759,0,0,107
"288",12,3,3.8948068577917,3.93456202112239,0,0,107
"289",12,5,3.82370252317615,3.85172913646718,0,0,107
"290",12,7,3.7496660510507,3.78960447297577,0,0,107
"291",12,9,3.75702826588532,3.78960447297577,0,0,107
"292",12,11,3.669721481198,3.66535514599296,0,0,107
"293",12,13,3.46941983755164,3.45827293435494,0,0,107
"294",12,15,3.33014330583049,3.31331538620832,0,0,107
"295",12,17,3.3178649800077,3.29260716504452,0,0,107
"296",12,19,3.25335795478948,3.23048250155312,0,0,107
"297",12,21,3.16997529435116,3.14764961689791,0,0,107
"298",12,23,3.09868770114125,3.0648167322427,0,0,107
"299",12,25,2.96098480300218,2.91985918409609,0,0,107
"300",12,27,2.84707365107132,2.81631807827708,0,0,107
"301",12,29,2.79777708918582,2.77490163594947,0,0,107
"302",12,31,2.67638420594567,2.65065230896666,0,0,107
"303",12,33,2.6095705127679,2.58852764547525,0,0,107
"304",12,35,2.55440967586253,2.52640298198385,0,0,107
"305",12,37,5.75300518199546,2.44357009732864,0,0,107
"306",12,39,5.42937050433819,2.31932077034583,0,0,107
"307",12,41,5.23566617008919,2.29861254918203,0,0,107
"308",12,43,5.08154569222404,2.27790432801822,0,0,107
"309",12,45,4.90836632054451,2.23648788569062,0,0,107
"310",12,47,4.75131370516948,2.17436322219921,0,0,107
"311",12,49,4.59517738276626,4.51439221370884,0,0,107
"312",12,51,4.4047717032159,4.32801822323462,0,0,107
"313",13,1,4.25046796675644,4.16235245392421,0,0,107
"314",13,3,4.20190443924841,4.1209360115966,0,0,107
"315",13,5,4.06684285519778,3.99668668461379,0,0,107
"316",13,7,3.88230145066724,3.83102091530338,0,0,107
"317",13,9,3.70765601023253,3.72747980948437,0,0,107
"318",13,11,3.65359472489341,3.66535514599296,0,0,107
"319",13,13,3.53905810341223,3.56181404017395,0,0,107
"320",13,15,3.41847394831681,3.43756471319114,0,0,107
"321",13,17,3.30668620575115,3.33402360737213,0,0,107
"322",13,19,3.20332835852651,3.23048250155312,0,0,107
"323",13,21,3.12892536921231,3.14764961689791,0,0,107
"324",13,23,3.03986169234852,3.0648167322427,0,0,107
"325",13,25,2.88977290355955,2.91985918409609,0,0,107
"326",13,27,2.7992431579408,2.83702629944088,0,0,107
"327",13,29,2.74426557962982,2.75419341478567,0,0,107
"328",13,31,2.65263628244486,2.67136053013046,0,0,107
"329",13,33,2.56797081184595,2.58852764547525,0,0,107
"330",13,35,2.50312914049887,2.48498653965624,0,0,107
"331",13,37,5.49097726310646,2.46427831849244,0,0,107
"332",13,39,5.26043795138903,2.36073721267343,0,0,107
"333",13,41,5.08139430468961,2.27790432801822,0,0,107
"334",13,43,4.92910641276821,2.23648788569062,0,0,107
"335",13,45,4.76930491847763,2.11223855870781,0,0,107
"336",13,47,4.5988744257136,2.0086974528888,0,0,107
"337",13,49,4.51329266214285,4.51439221370884,0,0,107
"338",13,51,4.34469475532249,4.34872644439843,0,0,107
"339",14,1,4.20963317127184,4.22447711741561,0,0,107
"340",14,3,4.13669625071261,4.16235245392421,0,0,107
"341",14,5,4.02362569798635,4.079519569269,0,0,107
"342",14,7,3.88434916626519,3.93456202112239,0,0,107
"343",14,9,3.61129386065384,3.60323048250155,0,0,107
"344",14,11,3.55155155888928,3.54110581901015,0,0,107
"345",14,13,3.48392913756675,3.47898115551874,0,0,107
"346",14,15,3.2841772697035,3.25119072271692,0,0,107
"347",14,17,3.13647084264132,3.1062331745703,0,0,107
"348",14,19,3.10293451987161,3.0855249534065,0,0,107
"349",14,21,3.02028489381079,3.00269206875129,0,0,107
"350",14,23,2.9665901256604,2.96127562642369,0,0,107
"351",14,25,2.91619401220866,2.89915096293228,0,0,107
"352",14,27,2.90336591060277,2.87844274176848,0,0,107
"353",14,29,2.84087472992262,2.83702629944088,0,0,107
"354",14,31,2.82108280173067,2.79560985711327,0,0,107
"355",14,33,2.74576351944463,2.73348519362187,0,0,107
"356",14,35,2.69481763020979,2.67136053013046,0,0,107
"357",14,37,5.46018981925221,2.65065230896666,0,0,107
"358",14,39,5.2624537959271,2.54711120314765,0,0,107
"359",14,41,5.13893750332172,2.50569476082005,0,0,107
"360",14,43,4.89905200329149,2.40215365500104,0,0,107
"361",14,45,4.79752674201056,2.34002899150963,0,0,107
"362",14,47,4.56680417169877,2.23648788569062,0,0,107
"363",14,49,4.30657696769347,4.30731000207082,0,0,107
"364",14,51,4.11342240922758,4.1002277904328,0,0,107
"365",15,1,3.9028582842965,3.89314557879478,0,0,107
"366",15,3,3.86840566855496,3.87243735763098,0,0,107
"367",15,5,3.7131856391236,3.70677158832056,0,0,107
"368",15,7,3.54568728386948,3.52039759784634,0,0,107
"369",15,9,3.45607383122256,3.39614827086353,0,0,107
"370",15,11,3.27593063295693,3.25119072271692,0,0,107
"371",15,13,3.29957099163062,3.29260716504452,0,0,107
"372",15,15,3.29737188849815,3.29260716504452,0,0,107
"373",15,17,3.18613392171559,3.18906605922551,0,0,107
"374",15,19,3.04410851107889,3.0441085110789,0,0,107
"375",15,21,3.02926456493493,3.0234002899151,0,0,107
"376",15,23,2.98876441557917,2.98198384758749,0,0,107
"377",15,25,2.96713990144352,2.96127562642369,0,0,107
"378",15,27,2.90501523795211,2.89915096293228,0,0,107
"379",15,29,2.86488160578509,2.85773452060468,0,0,107
"380",15,31,2.76885410233523,2.75419341478567,0,0,107
"381",15,33,2.69518414739853,2.69206875129426,0,0,107
"382",15,35,2.63489206985082,2.62994408780286,0,0,107
"383",15,37,4.95916082224485,2.52640298198385,0,0,107
"384",15,39,4.75757636843789,2.42286187616484,0,0,107
"385",15,41,4.64542210868349,2.40215365500104,0,0,107
"386",15,43,4.58073182487091,2.36073721267343,0,0,107
"387",15,45,4.4845210628267,2.29861254918203,0,0,107
"388",15,47,4.40278772973768,2.27790432801822,0,0,107
"389",15,49,4.27908817853797,4.30731000207082,0,0,107
"390",15,51,4.11268937485007,4.16235245392421,0,0,107
"391",16,1,3.53945649166091,3.56181404017395,0,0,107
"392",16,3,3.02889804774626,3.0234002899151,0,0,107
"393",16,5,2.61858205495198,2.60923586663906,0,0,107
"394",16,7,2.23667114428506,2.21577966452682,0,0,107
"395",16,9,2.34002899150966,2.31932077034583,0,0,107
"396",16,11,2.09794438834697,2.091530337544,0,0,107
"397",16,13,1.84688011406015,1.82232346241458,0,0,107
"398",16,15,1.57987234206313,1.55311658728515,0,0,107
"399",16,17,1.41567264150764,1.38745081797474,0,0,107
"400",16,19,1.38928340391838,1.38745081797474,0,0,107
"401",16,21,1.24649550663013,1.22178504866432,0,0,107
"402",16,23,1.07517817316834,1.0561192793539,0,0,107
"403",16,25,0.936451417230321,0.911161731207289,0,0,107
"404",16,27,0.888987441288512,0.849037067715883,0,0,107
"405",16,29,0.853435273980745,0.828328846552081,0,0,107
"406",16,31,0.709577277400355,0.683371298405467,0,0,107
"407",16,33,0.702430192219927,0.683371298405467,0,0,107
"408",16,35,0.623628996640863,0.600538413750259,0,0,107
"409",16,37,1.56796053342912,0.559121971422655,0,0,107
"410",16,39,1.45140806740985,0.476289086767447,0,0,107
"411",16,41,1.450491774438,0.476289086767447,0,0,107
"412",16,43,1.40156172974123,0.434872644439843,0,0,107
"413",16,45,1.25312226830159,0.393456202112239,0,0,107
"414",16,47,1.19356322513136,0.393456202112239,0,0,107
"415",16,49,1.1470155421614,1.0561192793539,0,0,107
"416",16,51,1.07352884581905,0.993994615862497,0,0,107
"417",17,1,1.05978445124131,0.993994615862497,0,0,107
"418",17,3,1.03229566208582,0.973286394698695,0,0,107
"419",17,5,1.02606486987724,0.973286394698695,0,0,107
"420",17,7,0.98904663381451,0.952578173534893,0,0,107
"421",17,9,1.36107624107302,1.32532615448333,0,0,107
"422",17,11,1.29363707834487,1.28390971215573,0,0,107
"423",17,13,1.1684714583902,1.13895216400911,0,0,107
"424",17,15,1.11825860353284,1.0561192793539,0,0,107
"425",17,17,1.07445979947843,1.0147028370263,0,0,107
"426",17,19,0.909343805951121,0.869745288879685,0,0,107
"427",17,21,0.855099262017627,0.828328846552081,0,0,107
"428",17,23,0.78766009928949,0.786912404224477,0,0,107
"429",17,25,0.763455304145109,0.745495961896873,0,0,107
"430",17,27,0.760339908040823,0.745495961896873,0,0,107
"431",17,29,0.740181462660132,0.724787740733071,0,0,107
"432",17,31,0.740181462660132,0.724787740733071,0,0,107
"433",17,33,0.719656500090701,0.704079519569269,0,0,107
"434",17,35,0.670543196799564,0.641954856077863,0,0,107
"435",17,37,1.81261075691296,0.704079519569269,0,0,107
"436",17,39,1.70998594406581,0.704079519569269,0,0,107
"437",17,41,1.65207622824491,0.683371298405467,0,0,107
"438",17,43,1.58573661708299,0.662663077241665,0,0,107
"439",17,45,1.42245320949939,0.600538413750259,0,0,107
"440",17,47,1.34548459986403,0.579830192586457,0,0,107
"441",17,49,1.29857039970533,1.38745081797474,0,0,107
"442",17,51,1.21280537754019,1.28390971215573,0,0,107
"443",18,1,1.19228041497076,1.26320149099192,0,0,107
"444",18,3,1.16918983208015,1.24249326982812,0,0,107
"445",18,5,1.16625769457023,1.24249326982812,0,0,107
"446",18,7,1.13675306087667,1.22178504866432,0,0,107
"447",18,9,1.49300104324577,1.49099192379375,0,0,107
"448",18,11,1.54101479497068,1.53240836612135,0,0,107
"449",18,13,1.22746606508976,1.22178504866432,0,0,107
"450",18,15,1.15013093826566,1.13895216400911,0,0,107
"451",18,17,1.07627772473458,1.09753572168151,0,0,107
"452",18,19,0.908779369480466,0.952578173534893,0,0,107
"453",18,21,0.792410162055564,0.828328846552081,0,0,107
"454",18,23,0.769136320570582,0.786912404224477,0,0,107
"455",18,25,0.730102239969788,0.745495961896873,0,0,107
"456",18,27,0.678056799168736,0.704079519569269,0,0,107
"457",18,29,0.616298652866072,0.641954856077863,0,0,107
"458",18,31,0.638289684190466,0.683371298405467,0,0,107
"459",18,33,0.634991029491807,0.683371298405467,0,0,107
"460",18,35,0.614099549733636,0.662663077241665,0,0,107
"461",18,37,1.44920896427739,0.621246634914061,0,0,107
"462",18,39,1.47578146046104,0.641954856077863,0,0,107
"463",18,41,1.44224513769135,0.600538413750259,0,0,107
"464",18,43,1.39954588520315,0.559121971422655,0,0,107
"465",18,45,1.28134409183455,0.517705529095051,0,0,107
"466",18,47,1.27547981681471,0.517705529095051,0,0,107
"467",18,49,1.24157697685627,1.30461793331953,0,0,107
"468",18,51,1.16149297111662,1.22178504866432,0,0,107
"469",19,1,1.15416262734182,1.22178504866432,0,0,107
"470",19,3,1.10376651389009,1.18036860633672,0,0,107
"471",19,5,1.04878893557911,1.11824394284531,0,0,107
"472",19,7,1.03852645429439,1.11824394284531,0,0,107
"473",19,9,1.2426291694599,1.28390971215573,0,0,107
"474",19,11,1.2326859128234,1.26320149099192,0,0,107
"475",19,13,1.35001877218272,1.34603437564713,0,0,107
"476",19,15,1.28830791842055,1.30461793331953,0,0,107
"477",19,17,1.25110642376346,1.26320149099192,0,0,107
"478",19,19,1.12795664834688,1.13895216400911,0,0,107
"479",19,21,0.965772792329503,0.973286394698695,0,0,107
"480",19,23,0.928021521889303,0.952578173534893,0,0,107
"481",19,25,0.854168308358223,0.849037067715883,0,0,107
"482",19,27,0.801756350368427,0.807620625388279,0,0,107
"483",19,29,0.747328547840561,0.745495961896873,0,0,107
"484",19,31,0.706828398484815,0.704079519569269,0,0,107
"485",19,33,0.724237964949954,0.724787740733071,0,0,107
"486",19,35,0.676773989008144,0.683371298405467,0,0,107
"487",19,37,1.76166486767812,0.683371298405467,0,0,107
"488",19,39,1.73051090663524,0.704079519569269,0,0,107
"489",19,41,1.64511240165886,0.641954856077863,0,0,107
"490",19,43,1.54505320913287,0.600538413750259,0,0,107
"491",19,45,1.52471150515781,0.579830192586457,0,0,107
"492",19,47,1.5186639715436,0.559121971422655,0,0,107
"493",19,49,1.47010044403557,1.51170014495755,0,0,107
"494",19,51,1.39294857580584,1.40815903913854,0,0,107
"495",20,1,1.36619282102783,1.38745081797474,0,0,107
"496",20,3,1.31964513805788,1.34603437564713,0,0,107
"497",20,5,1.29582152078979,1.32532615448333,0,0,107
"498",20,7,1.2476245104705,1.28390971215573,0,0,107
"499",20,9,1.37700507809563,1.38745081797474,0,0,107
"500",20,11,1.39258205861705,1.36674259681093,0,0,107
"501",20,13,1.26173542223693,1.24249326982812,0,0,107
"502",20,15,1.25788699175517,1.24249326982812,0,0,107
"503",20,17,1.15196352420935,1.13895216400911,0,0,107
"504",20,19,1.01965081907426,1.0147028370263,0,0,107
"505",20,21,0.959175482932191,0.952578173534893,0,0,107
"506",20,23,0.926005677351235,0.911161731207289,0,0,107
"507",20,25,0.873043943578329,0.869745288879685,0,0,107
"508",20,27,0.7720684580805,0.766204183060675,0,0,107
"509",20,29,0.737615842338953,0.724787740733071,0,0,107
"510",20,31,0.701147382059341,0.683371298405467,0,0,107
"511",20,33,0.680255902301168,0.662663077241665,0,0,107
"512",20,35,0.617764721621027,0.600538413750259,0,0,107
"513",20,37,1.4675348237144,0.621246634914061,0,0,107
"514",20,39,1.41970433058385,0.641954856077863,0,0,107
"515",20,41,1.37169057885892,0.600538413750259,0,0,107
"516",20,43,1.17285500396755,0.517705529095051,0,0,107
"517",20,45,1.12813990694129,0.496997307931249,0,0,107
"518",20,47,1.12795664834692,0.496997307931249,0,0,107
"519",20,49,1.08269177553754,1.07682750051771,0,0,107
"520",20,51,1.04329117774801,1.0354110581901,0,0,107
"521",21,1,1.04255814337053,1.0354110581901,0,0,107
"522",21,3,1.00480687293032,0.993994615862497,0,0,107
"523",21,5,0.980616738473491,0.973286394698695,0,0,107
"524",21,7,0.920691178114524,0.890453510043487,0,0,107
"525",21,9,1.19447951810322,1.20107682750052,0,0,107
"526",21,11,1.30736681223505,1.30461793331953,0,0,107
"527",21,13,1.20034379312302,1.18036860633672,0,0,107
"528",21,15,1.07682750051768,1.07682750051771,0,0,107
"529",21,17,1.065098950478,1.0561192793539,0,0,107
"530",21,19,0.946347381326293,0.952578173534893,0,0,107
"531",21,21,0.834193121571903,0.849037067715883,0,0,107
"532",21,23,0.73724932515021,0.745495961896873,0,0,107
"533",21,25,0.709027501617238,0.724787740733071,0,0,107
"534",21,27,0.680622419489902,0.704079519569269,0,0,107
"535",21,29,0.668344093667114,0.704079519569269,0,0,107
"536",21,31,0.601088189533355,0.621246634914061,0,0,107
"537",21,33,0.599072344995286,0.621246634914061,0,0,107
"538",21,35,0.5490427487323,0.579830192586457,0,0,107
"539",21,37,1.33778773890049,0.538413750258853,0,0,107
"540",21,39,1.31011569115063,0.517705529095051,0,0,107
"541",21,41,1.29582152078978,0.538413750258853,0,0,107
"542",21,43,1.29453871062919,0.538413750258853,0,0,107
"543",21,45,1.28171060902329,0.538413750258853,0,0,107
"544",21,47,1.20804065408658,0.496997307931249,0,0,107
"545",21,49,1.1646083672209,1.24249326982812,0,0,107
"546",21,51,1.12465799364825,1.20107682750052,0,0,107
"547",22,1,1.03064633473648,1.09753572168151,0,0,107
"548",22,3,1.00224125260914,1.07682750051771,0,0,107
"549",22,5,0.996376977589307,1.07682750051771,0,0,107
"550",22,7,0.977318083774834,1.0561192793539,0,0,107
"551",22,9,1.22581673774044,1.26320149099192,0,0,107
"552",22,11,1.1169611326847,1.11824394284531,0,0,107
"553",22,13,1.1620427468997,1.15966038517291,0,0,107
"554",22,15,1.051721073089,1.0561192793539,0,0,107
"555",22,17,1.00865530341207,1.0147028370263,0,0,107
"556",22,19,0.855634377113184,0.869745288879685,0,0,107
"557",22,21,0.833276828600052,0.828328846552081,0,0,107
"558",22,23,0.760156649446451,0.766204183060675,0,0,107
"559",22,25,0.664678921779723,0.662663077241665,0,0,107
"560",22,27,0.608601791902522,0.621246634914061,0,0,107
"561",22,29,0.593941104352926,0.600538413750259,0,0,107
"562",22,31,0.552524662025323,0.559121971422655,0,0,107
"563",22,33,0.477938414116771,0.496997307931249,0,0,107
"564",22,35,0.471341104719452,0.476289086767447,0,0,107
"565",22,37,0.879641252975664,0.476289086767447,0,0,107
"566",22,39,0.868095961530357,0.455580865603645,0,0,107
"567",22,41,0.812018831653158,0.414164423276041,0,0,107
"568",22,43,0.790577576111876,0.393456202112239,0,0,107
"569",22,45,0.756857994747807,0.372747980948437,0,0,107
"570",22,47,0.72203886181752,0.352039759784635,0,0,107
"571",22,49,0.699314796115649,0.641954856077863,0,0,107
"572",22,51,0.678240057763105,0.621246634914061,0,0,107
"573",23,1,0.66156352567544,0.621246634914061,0,0,107
"574",23,3,0.65808161238241,0.621246634914061,0,0,107
"575",23,5,0.625828099773306,0.579830192586457,0,0,107
"576",23,7,0.578547382425864,0.538413750258853,0,0,107
"577",23,9,1.06821434658231,1.0561192793539,0,0,107
"578",23,11,1.04164185039867,0.993994615862497,0,0,107
"579",23,13,0.939933330523349,0.869745288879685,0,0,107
"580",23,15,0.941582657872679,0.890453510043487,0,0,107
"581",23,17,0.920874436708879,0.849037067715883,0,0,107
"582",23,19,0.823564123098446,0.766204183060675,0,0,107
"583",23,21,0.684837367160421,0.621246634914061,0,0,107
"584",23,23,0.70426277816363,0.683371298405467,0,0,107
"585",23,25,0.657898353788044,0.641954856077863,0,0,107
"586",23,27,0.596506724674121,0.559121971422655,0,0,107
"587",23,29,0.582945588690745,0.559121971422655,0,0,107
"588",23,31,0.545927352628021,0.517705529095051,0,0,107
"589",23,33,0.543544990901212,0.517705529095051,0,0,107
"590",23,35,0.526501941624809,0.496997307931249,0,0,107
"591",23,37,1.21005649862464,0.476289086767447,0,0,107
"592",23,39,1.21592077364449,0.538413750258853,0,0,107
"593",23,41,1.16552466019276,0.538413750258853,0,0,107
"594",23,43,1.14463318043459,0.517705529095051,0,0,107
"595",23,45,1.11018056469304,0.496997307931249,0,0,107
"596",23,47,1.05062152152281,0.476289086767447,0,0,107
"597",23,49,1.0049901315247,0.993994615862497,0,0,107
"598",23,51,0.970720774377516,0.952578173534893,0,0,107
"599",24,1,0.9567931212054,0.931869952371091,0,0,107
"600",24,3,0.894668457713993,0.869745288879685,0,0,107
"601",24,5,0.855267859924456,0.828328846552081,0,0,107
"602",24,7,0.838774586431161,0.828328846552081,0,0,107
"603",24,9,1.33082391231439,1.32532615448333,0,0,107
"604",24,11,1.39679700628758,1.40815903913854,0,0,107
"605",24,13,1.4105414008653,1.42886726030234,0,0,107
"606",24,15,1.34695066861894,1.38745081797474,0,0,107
"607",24,17,1.19649536264123,1.24249326982812,0,0,107
"608",24,19,1.09588639433216,1.13895216400911,0,0,107
"609",24,21,0.981533031445328,1.0354110581901,0,0,107
"610",24,23,0.851236170848306,0.890453510043487,0,0,107
"611",24,25,0.842439758318551,0.890453510043487,0,0,107
"612",24,27,0.798274437075402,0.849037067715883,0,0,107
"613",24,29,0.798274437075401,0.849037067715883,0,0,107
"614",24,31,0.760523166635202,0.807620625388279,0,0,107
"615",24,33,0.7398149454714,0.786912404224477,0,0,107
"616",24,35,0.640305528728535,0.683371298405467,0,0,107
"617",24,37,1.39844633363693,0.662663077241665,0,0,107
"618",24,39,1.37077428588707,0.662663077241665,0,0,107
"619",24,41,1.32312705135089,0.662663077241665,0,0,107
"620",24,43,1.30718355364071,0.662663077241665,0,0,107
"621",24,45,1.23497966745896,0.621246634914061,0,0,107
"622",24,47,1.19118086340455,0.600538413750259,0,0,107
"623",24,49,1.1365698022823,1.28390971215573,0,0,107
"624",24,51,1.12850642413003,1.26320149099192,0,0,107
"625",25,1,1.09936830762521,1.22178504866432,0,0,107
"626",25,3,1.03101285192522,1.13895216400911,0,0,107
"627",25,5,1.01268699248823,1.11824394284531,0,0,107
"628",25,7,0.98501494473837,1.09753572168151,0,0,107
"629",25,9,1.18110164071417,1.28390971215573,0,0,107
"630",25,11,1.22435066898545,1.34603437564713,0,0,107
"631",25,13,1.22948190962782,1.32532615448333,0,0,107
"632",25,15,1.11439551236351,1.20107682750052,0,0,107
"633",25,17,1.05245410746648,1.13895216400911,0,0,107
"634",25,19,0.952211656346131,1.0147028370263,0,0,107
"635",25,21,0.971087291566236,1.0354110581901,0,0,107
"636",25,23,0.829978173901394,0.890453510043487,0,0,107
"637",25,25,0.792776679244301,0.849037067715883,0,0,107
"638",25,27,0.684837367160423,0.745495961896873,0,0,107
"639",25,29,0.661746784269809,0.704079519569269,0,0,107
"640",25,31,0.599805379372775,0.641954856077863,0,0,107
"641",25,33,0.57451569334973,0.621246634914061,0,0,107
"642",25,35,0.578364123831495,0.621246634914061,0,0,107
"643",25,37,1.70467144482908,0.621246634914061,0,0,107
"644",25,39,1.71401763314196,0.662663077241665,0,0,107
"645",25,41,1.61157607888917,0.600538413750259,0,0,107
"646",25,43,1.5553156904176,0.600538413750259,0,0,107
"647",25,45,1.48842630347257,0.538413750258853,0,0,107
"648",25,47,1.42355276106563,0.538413750258853,0,0,107
"649",25,49,1.24964035500855,1.34603437564713,0,0,107
"650",25,51,1.2225180830418,1.34603437564713,0,0,107
"651",26,1,1.20327593063296,1.30461793331953,0,0,107
"652",26,3,1.14225081870777,1.24249326982812,0,0,107
"653",26,5,1.1475653179445,1.24249326982812,0,0,107
"654",26,7,1.07847682786704,1.15966038517291,0,0,107
"655",26,9,1.23442989167584,1.32532615448333,0,0,107
"656",26,11,1.3333895326356,1.42886726030234,0,0,107
"657",26,13,1.17780298601551,1.24249326982812,0,0,107
"658",26,15,1.11989327019461,1.20107682750052,0,0,107
"659",26,17,0.981716290039691,1.0561192793539,0,0,107
"660",26,19,0.934618831286618,1.0147028370263,0,0,107
"661",26,21,0.886788338156072,0.952578173534893,0,0,107
"662",26,23,0.845371895828465,0.890453510043487,0,0,107
"663",26,25,0.724237964949954,0.766204183060675,0,0,107
"664",26,27,0.676040954630671,0.704079519569269,0,0,107
"665",26,29,0.63389147792559,0.662663077241665,0,0,107
"666",26,31,0.638106425596095,0.662663077241665,0,0,107
"667",26,33,0.62674439274516,0.641954856077863,0,0,107
"668",26,35,0.610067860657498,0.621246634914061,0,0,107
"669",26,37,1.61505799218218,0.641954856077863,0,0,107
"670",26,39,1.54725231226531,0.621246634914061,0,0,107
"671",26,41,1.54926815680338,0.641954856077863,0,0,107
"672",26,43,1.45873841118463,0.600538413750259,0,0,107
"673",26,45,1.38525171484229,0.579830192586457,0,0,107
"674",26,47,1.29325590046859,0.559121971422655,0,0,107
"675",26,49,1.2212352728812,1.26320149099192,0,0,107
"676",26,51,1.16314229846593,1.20107682750052,0,0,107
"677",27,1,1.12832316553565,1.13895216400911,0,0,107
"678",27,3,1.08012615521635,1.07682750051771,0,0,107
"679",27,5,1.05007174573969,1.0354110581901,0,0,107
"680",27,7,1.01122092373326,0.993994615862497,0,0,107
"681",27,9,1.36784214837714,1.36674259681093,0,0,107
"682",27,11,1.35829797533284,1.38745081797474,0,0,107
"683",27,13,1.24194349404497,1.26320149099192,0,0,107
"684",27,15,1.09387054979409,1.11824394284531,0,0,107
"685",27,17,0.987214047870785,0.993994615862497,0,0,107
"686",27,19,0.920507919520142,0.931869952371091,0,0,107
"687",27,21,0.91189476558476,0.911161731207289,0,0,107
"688",27,23,0.745495961896859,0.745495961896873,0,0,107
"689",27,25,0.723871447761211,0.724787740733071,0,0,107
"690",27,27,0.688685797642183,0.683371298405467,0,0,107
"691",27,29,0.593208069975455,0.579830192586457,0,0,107
"692",27,31,0.575248727727203,0.559121971422655,0,0,107
"693",27,33,0.550875334676004,0.538413750258853,0,0,107
"694",27,35,0.530716889295312,0.496997307931249,0,0,107
"695",27,37,1.31433063882113,0.496997307931249,0,0,107
"696",27,39,1.28537578091069,0.496997307931249,0,0,107
"697",27,41,1.19026457043269,0.455580865603645,0,0,107
"698",27,43,1.14591599059518,0.414164423276041,0,0,107
"699",27,45,1.1396851983866,0.414164423276041,0,0,107
"700",27,47,1.11897697722279,0.414164423276041,0,0,107
"701",27,49,1.10816472015497,1.09753572168151,0,0,107
"702",27,51,1.07957637943326,1.07682750051771,0,0,107
