"","year","week-of-year","total-fox-density","all-fox-but-cub-density","bait-take","bait-cost","baitefficacy"
"1",1,1,2.24250996672227,2.21577966452682,0.377777777777778,45,0.36
"2",1,3,2.23939457061798,2.21577966452682,0.622222222222222,90,0.36
"3",1,5,2.18313418214641,2.15365500103541,0.466666666666667,135,0.36
"4",1,7,2.15811938401491,2.13294677987161,0.577777777777778,180,0.36
"5",1,9,2.17323821805043,2.15365500103541,0.555555555555556,225,0.36
"6",1,11,2.17571220907443,2.15365500103541,0.488888888888889,270,0.36
"7",1,13,2.13585346479897,2.11223855870781,0.6,315,0.36
"8",1,15,2.08875600604589,2.0708221163802,0.577777777777778,360,0.36
"9",1,17,2.01160413781616,1.98798923172499,0.555555555555556,405,0.36
"10",1,19,1.99117080454391,1.96728101056119,0.355555555555556,450,0.36
"11",1,21,1.89697588703776,1.86373990474218,0.533333333333333,495,0.36
"12",1,23,1.90329830854353,1.88444812590598,0.533333333333333,540,0.36
"13",1,25,1.82523014734194,1.80161524125078,0.555555555555556,585,0.36
"14",1,27,1.82367244928979,1.80161524125078,0.4,630,0.36
"15",1,29,1.74322192636139,1.71878235659557,0.622222222222222,675,0.36
"16",1,31,1.68109726286998,1.65665769310416,0.555555555555556,720,0.36
"17",1,33,1.57783104494253,1.55311658728515,0.488888888888889,765,0.36
"18",1,35,1.54676871319683,1.53240836612135,0.444444444444444,810,0.36
"19",1,37,3.00676448195968,1.49099192379375,0.311111111111111,855,0.36
"20",1,39,2.86034086505809,1.36674259681093,0.466666666666667,900,0.36
"21",1,41,2.74614368847326,1.30461793331953,0.377777777777778,945,0.36
"22",1,43,2.68850886054392,1.26320149099192,0.222222222222222,990,0.36
"23",1,45,2.59660467546743,1.22178504866432,0.244444444444444,1035,0.36
"24",1,47,2.54501738115225,1.22178504866432,0.333333333333333,1080,0.36
"25",1,49,2.4765702961551,2.48498653965624,0.644444444444444,1125,0.36
"26",1,51,2.36395788991478,2.38144543383723,0.488888888888889,1170,0.36
"27",2,1,2.32254144758717,2.34002899150963,0.488888888888889,45,0.36
"28",2,3,2.28066685877363,2.29861254918203,0.622222222222222,90,0.36
"29",2,5,2.25217014734911,2.27790432801822,0.488888888888889,135,0.36
"30",2,7,2.22770512500072,2.23648788569062,0.422222222222222,180,0.36
"31",2,9,1.84554477902471,1.82232346241458,0.577777777777778,225,0.36
"32",2,11,1.85252133190203,1.84303168357838,0.488888888888889,270,0.36
"33",2,13,1.76978007654399,1.76019879892317,0.466666666666667,315,0.36
"34",2,15,1.77645628894722,1.78090702008697,0.377777777777778,360,0.36
"35",2,17,1.69527273164134,1.69807413543177,0.466666666666667,405,0.36
"36",2,19,1.65394791861091,1.65665769310416,0.488888888888889,450,0.36
"37",2,21,1.56424283666682,1.57382480844895,0.4,495,0.36
"38",2,23,1.46913162618883,1.49099192379375,0.4,540,0.36
"39",2,25,1.39637796422396,1.38745081797474,0.466666666666667,585,0.36
"40",2,27,1.35340382384422,1.36674259681093,0.422222222222222,630,0.36
"41",2,29,1.3254568882028,1.34603437564713,0.4,675,0.36
"42",2,31,1.29750995256138,1.30461793331953,0.4,720,0.36
"43",2,33,1.264994278352,1.28390971215573,0.377777777777778,765,0.36
"44",2,35,1.23382759101784,1.24249326982812,0.4,810,0.36
"45",2,37,2.82623810663303,1.20107682750052,0.422222222222222,855,0.36
"46",2,39,2.8063545491439,1.22178504866432,0.311111111111111,900,0.36
"47",2,41,2.71710761368578,1.18036860633672,0.288888888888889,945,0.36
"48",2,43,2.65647528138676,1.15966038517291,0.466666666666667,990,0.36
"49",2,45,2.54891602263777,1.11824394284531,0.466666666666667,1035,0.36
"50",2,47,2.44032176932742,1.07682750051771,0.377777777777778,1080,0.36
"51",2,49,2.35877169483281,2.36073721267343,0.511111111111111,1125,0.36
"52",2,51,2.31231564116003,2.31932077034583,0.6,1170,0.36
"53",3,1,2.21234807793121,2.21577966452682,0.555555555555556,45,0.36
"54",3,3,2.08819038024556,2.0708221163802,0.555555555555556,90,0.36
"55",3,5,2.02780667340069,1.96728101056119,0.622222222222222,135,0.36
"56",3,7,1.95422834776117,2.0294056740526,0.644444444444444,180,0.36
"57",3,9,1.92849405139831,1.96728101056119,0.644444444444444,225,0.36
"58",3,11,1.7521339167547,1.78090702008697,0.555555555555556,270,0.36
"59",3,13,1.71524710857278,1.76019879892317,0.511111111111111,315,0.36
"60",3,15,1.68536323139921,1.71878235659557,0.444444444444444,360,0.36
"61",3,17,1.61233468154279,1.63594947194036,0.488888888888889,405,0.36
"62",3,19,1.42918125261619,1.44957548146614,0.444444444444444,450,0.36
"63",3,21,1.30821704418586,1.32532615448333,0.4,495,0.36
"64",3,23,1.29355635663627,1.30461793331953,0.466666666666667,540,0.36
"65",3,25,1.22822466774338,1.22178504866432,0.4,585,0.36
"66",3,27,1.2047802939553,1.22178504866432,0.466666666666667,630,0.36
"67",3,29,1.16272325640231,1.18036860633672,0.377777777777778,675,0.36
"68",3,31,1.17096989314895,1.18036860633672,0.288888888888889,720,0.36
"69",3,33,1.17096989314895,1.18036860633672,0.466666666666667,765,0.36
"70",3,35,1.13147766606223,1.13895216400911,0.333333333333333,810,0.36
"71",3,37,2.64728851879547,1.11824394284531,0.4,855,0.36
"72",3,39,2.54841796187466,1.07682750051771,0.333333333333333,900,0.36
"73",3,41,2.46750725625373,1.0561192793539,0.4,945,0.36
"74",3,43,2.38238567537549,1.0561192793539,0.355555555555556,990,0.36
"75",3,45,2.3323560791125,1.0147028370263,0.288888888888889,1035,0.36
"76",3,47,2.28298142407599,1.0354110581901,0.422222222222222,1080,0.36
"77",3,49,2.13160982512642,2.15365500103541,0.577777777777778,1125,0.36
"78",3,51,2.08515377145364,2.11223855870781,0.6,1170,0.36
"79",4,1,1.984269915253,2.0086974528888,0.555555555555556,45,0.36
"80",4,3,1.92581042364899,1.94657278939739,0.511111111111111,90,0.36
"81",4,5,1.90464405599926,1.92586456823359,0.466666666666667,135,0.36
"82",4,7,1.86341087226602,1.88444812590598,0.622222222222222,180,0.36
"83",4,9,1.82071161977778,1.84303168357838,0.466666666666667,225,0.36
"84",4,11,1.84381573881458,1.86373990474218,0.555555555555556,270,0.36
"85",4,13,1.92912261449376,1.94657278939739,0.488888888888889,315,0.36
"86",4,15,1.88000931120261,1.90515634706979,0.466666666666667,360,0.36
"87",4,17,1.84905214490026,1.86373990474218,0.555555555555556,405,0.36
"88",4,19,1.75870565787589,1.78090702008697,0.444444444444444,450,0.36
"89",4,21,1.70024616627188,1.71878235659557,0.511111111111111,495,0.36
"90",4,23,1.65461477627376,1.67736591426796,0.377777777777778,540,0.36
"91",4,25,1.63381492581278,1.65665769310416,0.466666666666667,585,0.36
"92",4,27,1.55812912633799,1.57382480844895,0.377777777777778,630,0.36
"93",4,29,1.50828278866937,1.53240836612135,0.466666666666667,675,0.36
"94",4,31,1.48894900696334,1.51170014495755,0.311111111111111,720,0.36
"95",4,33,1.44799071112166,1.47028370262994,0.266666666666667,765,0.36
"96",4,35,1.44799071112166,1.47028370262994,0.377777777777778,810,0.36
"97",4,37,3.12203089839876,1.44957548146614,0.422222222222222,855,0.36
"98",4,39,3.03998519270573,1.40815903913854,0.288888888888889,900,0.36
"99",4,41,2.90043377309302,1.38745081797474,0.288888888888889,945,0.36
"100",4,43,2.79469356414158,1.36674259681093,0.333333333333333,990,0.36
"101",4,45,2.65779939414721,1.32532615448333,0.333333333333333,1035,0.36
"102",4,47,2.57936471575688,1.32532615448333,0.333333333333333,1080,0.36
"103",4,49,2.45117532899509,2.56781942431145,0.622222222222222,1125,0.36
"104",4,51,2.36495216034402,2.46427831849244,0.511111111111111,1170,0.36
"105",5,1,2.30594289295691,2.40215365500104,0.533333333333333,45,0.36
"106",5,3,2.24638384978668,2.34002899150963,0.622222222222222,90,0.36
"107",5,5,2.25197323691495,2.34002899150963,0.488888888888889,135,0.36
"108",5,7,2.16593332685826,2.25719610685442,0.422222222222222,180,0.36
"109",5,9,2.14091852872672,2.21577966452682,0.666666666666667,225,0.36
"110",5,11,2.09235500121869,2.13294677987161,0.444444444444444,270,0.36
"111",5,13,2.09757787115823,2.13294677987161,0.533333333333333,315,0.36
"112",5,15,2.03490343188373,2.0501138952164,0.4,360,0.36
"113",5,17,1.92723900769138,1.94657278939739,0.533333333333333,405,0.36
"114",5,19,1.86071613793509,1.88444812590598,0.511111111111111,450,0.36
"115",5,21,1.77046128020789,1.78090702008697,0.377777777777778,495,0.36
"116",5,23,1.70439655693753,1.71878235659557,0.6,540,0.36
"117",5,25,1.58894364248447,1.61524125077656,0.444444444444444,585,0.36
"118",5,27,1.52480313445499,1.55311658728515,0.466666666666667,630,0.36
"119",5,29,1.48860956206693,1.51170014495755,0.333333333333333,675,0.36
"120",5,31,1.47248280576238,1.49099192379375,0.355555555555556,720,0.36
"121",5,33,1.37737159528438,1.38745081797474,0.377777777777778,765,0.36
"122",5,35,1.38341912889859,1.40815903913854,0.355555555555556,810,0.36
"123",5,37,2.81998325016459,1.32532615448333,0.422222222222222,855,0.36
"124",5,39,2.64909461091465,1.24249326982812,0.311111111111111,900,0.36
"125",5,41,2.5761576903554,1.22178504866432,0.311111111111111,945,0.36
"126",5,43,2.5218215171247,1.20107682750052,0.377777777777778,990,0.36
"127",5,45,2.46079640519952,1.15966038517291,0.333333333333333,1035,0.36
"128",5,47,2.47215843805045,1.20107682750052,0.288888888888889,1080,0.36
"129",5,49,2.4310168836144,2.52640298198385,0.666666666666667,1125,0.36
"130",5,51,2.33370657000394,2.42286187616484,0.555555555555556,1170,0.36
"131",6,1,2.20753302778024,2.29861254918203,0.622222222222222,45,0.36
"132",6,3,2.13138908181955,2.21577966452682,0.466666666666667,90,0.36
"133",6,5,2.05469536007575,2.15365500103541,0.466666666666667,135,0.36
"134",6,7,1.93218698973944,2.0294056740526,0.422222222222222,180,0.36
"135",6,9,1.75268519655403,1.82232346241458,0.488888888888889,225,0.36
"136",6,11,1.74956980044974,1.78090702008697,0.466666666666667,270,0.36
"137",6,13,1.63420851529386,1.65665769310416,0.488888888888889,315,0.36
"138",6,15,1.57327503266586,1.59453302961276,0.466666666666667,360,0.36
"139",6,17,1.5315837024467,1.55311658728515,0.4,405,0.36
"140",6,19,1.55815619863034,1.57382480844895,0.311111111111111,450,0.36
"141",6,21,1.50207906875313,1.51170014495755,0.422222222222222,495,0.36
"142",6,23,1.45708908383531,1.47028370262994,0.422222222222222,540,0.36
"143",6,25,1.43482316461937,1.44957548146614,0.377777777777778,585,0.36
"144",6,27,1.41008325437943,1.42886726030234,0.355555555555556,630,0.36
"145",6,29,1.36509326946161,1.36674259681093,0.488888888888889,675,0.36
"146",6,31,1.32725036972422,1.34603437564713,0.4,720,0.36
"147",6,33,1.28189386761766,1.30461793331953,0.288888888888889,765,0.36
"148",6,35,1.26677503358214,1.28390971215573,0.311111111111111,810,0.36
"149",6,37,3.02715709109975,1.26320149099192,0.266666666666667,855,0.36
"150",6,39,2.89310342931819,1.26320149099192,0.444444444444444,900,0.36
"151",6,41,2.79377727116974,1.26320149099192,0.533333333333333,945,0.36
"152",6,43,2.67832435671667,1.18036860633672,0.4,990,0.36
"153",6,45,2.56818594150035,1.20107682750052,0.355555555555556,1035,0.36
"154",6,47,2.50679431238641,1.18036860633672,0.4,1080,0.36
"155",6,49,2.43523183128495,2.54711120314765,0.555555555555556,1125,0.36
"156",6,51,2.31125739219367,2.42286187616484,0.555555555555556,1170,0.36
"157",7,1,2.24968250448535,2.36073721267343,0.444444444444444,45,0.36
"158",7,3,2.1925974523391,2.29861254918203,0.555555555555556,90,0.36
"159",7,5,2.13001464236177,2.23648788569062,0.533333333333333,135,0.36
"160",7,7,2.06569087573792,2.15365500103541,0.533333333333333,180,0.36
"161",7,9,1.94703093588335,2.0294056740526,0.466666666666667,225,0.36
"162",7,11,1.80977024870028,1.88444812590598,0.511111111111111,270,0.36
"163",7,13,1.77751673609118,1.84303168357838,0.444444444444444,315,0.36
"164",7,15,1.7262043296676,1.78090702008697,0.4,360,0.36
"165",7,17,1.64630358252229,1.69807413543177,0.511111111111111,405,0.36
"166",7,19,1.57025126585877,1.61524125077656,0.466666666666667,450,0.36
"167",7,21,1.4834783214246,1.53240836612135,0.533333333333333,495,0.36
"168",7,23,1.41750522745143,1.47028370262994,0.422222222222222,540,0.36
"169",7,25,1.39679700628763,1.44957548146614,0.511111111111111,585,0.36
"170",7,27,1.34420178970345,1.38745081797474,0.355555555555556,630,0.36
"171",7,29,1.35757966709246,1.40815903913854,0.377777777777778,675,0.36
"172",7,31,1.33283975685252,1.38745081797474,0.4,720,0.36
"173",7,33,1.26668340428496,1.30461793331953,0.311111111111111,765,0.36
"174",7,35,1.2585283968355,1.30461793331953,0.377777777777778,810,0.36
"175",7,37,2.72212316077107,1.28390971215573,0.355555555555556,855,0.36
"176",7,39,2.5916430415797,1.22178504866432,0.466666666666667,900,0.36
"177",7,41,2.5574653137297,1.24249326982812,0.377777777777778,945,0.36
"178",7,43,2.53254214489536,1.22178504866432,0.244444444444444,990,0.36
"179",7,45,2.44072958911602,1.15966038517291,0.377777777777778,1035,0.36
"180",7,47,2.39381538895732,1.18036860633672,0.355555555555556,1080,0.36
"181",7,49,2.33737174189138,2.40215365500104,0.622222222222222,1125,0.36
"182",7,51,2.27396426823939,2.34002899150963,0.622222222222222,1170,0.36
"183",8,1,2.26681718305896,2.34002899150963,0.533333333333333,45,0.36
"184",8,3,2.25215649550936,2.31932077034583,0.488888888888889,90,0.36
"185",8,5,2.15677039713979,2.23648788569062,0.511111111111111,135,0.36
"186",8,7,2.11205530011355,2.19507144336302,0.555555555555556,180,0.36
"187",8,9,2.12002704896858,2.19507144336302,0.6,225,0.36
"188",8,11,1.93777637686766,1.98798923172499,0.733333333333333,270,0.36
"189",8,13,1.79849984514651,1.82232346241458,0.533333333333333,315,0.36
"190",8,15,1.7339928199283,1.76019879892317,0.488888888888889,360,0.36
"191",8,17,1.73903243127346,1.76019879892317,0.488888888888889,405,0.36
"192",8,19,1.65354229699989,1.67736591426796,0.466666666666667,450,0.36
"193",8,21,1.59517443469306,1.61524125077656,0.422222222222222,495,0.36
"194",8,23,1.57272525688275,1.59453302961276,0.466666666666667,540,0.36
"195",8,25,1.52929297001707,1.55311658728515,0.422222222222222,585,0.36
"196",8,27,1.53011763369174,1.55311658728515,0.466666666666667,630,0.36
"197",8,29,1.48787652768947,1.51170014495755,0.555555555555556,675,0.36
"198",8,31,1.42923377749109,1.44957548146614,0.422222222222222,720,0.36
"199",8,33,1.37260687183078,1.38745081797474,0.422222222222222,765,0.36
"200",8,35,1.35950388233333,1.36674259681093,0.444444444444444,810,0.36
"201",8,37,2.85168698699063,1.34603437564713,0.355555555555556,855,0.36
"202",8,39,2.72716277211626,1.30461793331953,0.377777777777778,900,0.36
"203",8,41,2.6270119502931,1.24249326982812,0.377777777777778,945,0.36
"204",8,43,2.55160103870987,1.22178504866432,0.4,990,0.36
"205",8,45,2.48846845294942,1.22178504866432,0.555555555555556,1035,0.36
"206",8,47,2.42671030664675,1.20107682750052,0.266666666666667,1080,0.36
"207",8,49,2.32665111412075,2.29861254918203,0.533333333333333,1125,0.36
"208",8,51,2.16739939561327,2.11223855870781,0.511111111111111,1170,0.36
"209",9,1,2.06000985931249,1.98798923172499,0.6,45,0.36
"210",9,3,2.03023033772737,1.96728101056119,0.533333333333333,90,0.36
"211",9,5,1.98560686999827,1.92586456823359,0.355555555555556,135,0.36
"212",9,7,1.94309087610445,1.90515634706979,0.555555555555556,180,0.36
"213",9,9,1.89938370134719,1.86373990474218,0.555555555555556,225,0.36
"214",9,11,1.79217742364076,1.73949057775937,0.533333333333333,270,0.36
"215",9,13,1.68671210258087,1.63594947194036,0.6,315,0.36
"216",9,15,1.62816098167967,1.57382480844895,0.466666666666667,360,0.36
"217",9,17,1.51857234224646,1.47028370262994,0.422222222222222,405,0.36
"218",9,19,1.43775530212931,1.38745081797474,0.444444444444444,450,0.36
"219",9,21,1.4353729404025,1.38745081797474,0.311111111111111,495,0.36
"220",9,23,1.41713871026269,1.36674259681093,0.377777777777778,540,0.36
"221",9,25,1.43463990602503,1.38745081797474,0.377777777777778,585,0.36
"222",9,27,1.3939564980749,1.34603437564713,0.444444444444444,630,0.36
"223",9,29,1.37718833669005,1.34603437564713,0.244444444444444,675,0.36
"224",9,31,1.35208190926137,1.30461793331953,0.488888888888889,720,0.36
"225",9,33,1.29041539225589,1.24249326982812,0.355555555555556,765,0.36
"226",9,35,1.18705754503124,1.13895216400911,0.422222222222222,810,0.36
"227",9,37,2.51201718232592,1.13895216400911,0.333333333333333,855,0.36
"228",9,39,2.45254976845288,1.09753572168151,0.4,900,0.36
"229",9,41,2.38080402875705,1.0354110581901,0.333333333333333,945,0.36
"230",9,43,2.36623497050465,1.0561192793539,0.244444444444444,990,0.36
"231",9,45,2.30630941014567,1.0561192793539,0.377777777777778,1035,0.36
"232",9,47,2.29256501556792,1.0561192793539,0.355555555555556,1080,0.36
"233",9,49,2.20166875276043,2.0708221163802,0.577777777777778,1125,0.36
"234",9,51,2.17527951517118,2.0501138952164,0.577777777777778,1170,0.36
"235",10,1,2.1039002926641,1.98798923172499,0.511111111111111,45,0.36
"236",10,3,2.00402435873246,1.86373990474218,0.622222222222222,90,0.36
"237",10,5,1.94593138431718,1.84303168357838,0.555555555555556,135,0.36
"238",10,7,1.8818825055849,1.78090702008697,0.533333333333333,180,0.36
"239",10,9,1.68826980063301,1.57382480844895,0.488888888888889,225,0.36
"240",10,11,1.65574140013235,1.57382480844895,0.355555555555556,270,0.36
"241",10,13,1.59444140031561,1.53240836612135,0.555555555555556,315,0.36
"242",10,15,1.54395365756668,1.51170014495755,0.577777777777778,360,0.36
"243",10,17,1.47504842608358,1.42886726030234,0.466666666666667,405,0.36
"244",10,19,1.44820104200837,1.40815903913854,0.355555555555556,450,0.36
"245",10,21,1.41228235751186,1.36674259681093,0.444444444444444,495,0.36
"246",10,23,1.30837473450411,1.26320149099192,0.422222222222222,540,0.36
"247",10,25,1.28739162544876,1.24249326982812,0.333333333333333,585,0.36
"248",10,27,1.22792421157571,1.20107682750052,0.488888888888889,630,0.36
"249",10,29,1.20052705171741,1.18036860633672,0.444444444444444,675,0.36
"250",10,31,1.13418744055549,1.09753572168151,0.355555555555556,720,0.36
"251",10,33,1.12813990694128,1.09753572168151,0.422222222222222,765,0.36
"252",10,35,1.13015575147936,1.09753572168151,0.333333333333333,810,0.36
"253",10,37,2.47463242907445,1.07682750051771,0.333333333333333,855,0.36
"254",10,39,2.38217846821481,1.0354110581901,0.311111111111111,900,0.36
"255",10,41,2.32610133833761,0.993994615862497,0.422222222222222,945,0.36
"256",10,43,2.22778310245813,0.952578173534893,0.333333333333333,990,0.36
"257",10,45,2.22365978408483,0.993994615862497,0.177777777777778,1035,0.36
"258",10,47,2.19122301288134,0.993994615862497,0.333333333333333,1080,0.36
"259",10,49,2.06807323746477,2.11223855870781,0.644444444444444,1125,0.36
"260",10,51,2.00182525560002,2.0501138952164,0.555555555555556,1170,0.36
"261",11,1,1.93035440379575,1.96728101056119,0.6,45,0.36
"262",11,3,1.86740507662967,1.90515634706979,0.555555555555556,90,0.36
"263",11,5,1.82690492727392,1.86373990474218,0.511111111111111,135,0.36
"264",11,7,1.75149401569068,1.78090702008697,0.577777777777778,180,0.36
"265",11,9,1.70485470342344,1.73949057775937,0.511111111111111,225,0.36
"266",11,11,1.66417129547336,1.69807413543177,0.6,270,0.36
"267",11,13,1.59004319405073,1.61524125077656,0.4,315,0.36
"268",11,15,1.47266606435679,1.47028370262994,0.577777777777778,360,0.36
"269",11,17,1.44187862050263,1.44957548146614,0.466666666666667,405,0.36
"270",11,19,1.36042017530517,1.36674259681093,0.488888888888889,450,0.36
"271",11,21,1.33164857598909,1.34603437564713,0.333333333333333,495,0.36
"272",11,23,1.32257727556778,1.34603437564713,0.4,540,0.36
"273",11,25,1.28207712621202,1.30461793331953,0.422222222222222,585,0.36
"274",11,27,1.25092316516914,1.26320149099192,0.311111111111111,630,0.36
"275",11,29,1.26979880038924,1.28390971215573,0.333333333333333,675,0.36
"276",11,31,1.21738684239944,1.24249326982812,0.466666666666667,720,0.36
"277",11,33,1.20190149117518,1.22178504866432,0.355555555555556,765,0.36
"278",11,35,1.15938549728135,1.18036860633672,0.377777777777778,810,0.36
"279",11,37,2.72175664358232,1.11824394284531,0.333333333333333,855,0.36
"280",11,39,2.71176905018914,1.11824394284531,0.266666666666667,900,0.36
"281",11,41,2.61006053031384,1.0561192793539,0.311111111111111,945,0.36
"282",11,43,2.53098444684321,1.0354110581901,0.4,990,0.36
"283",11,45,2.52731927495581,1.0354110581901,0.266666666666667,1035,0.36
"284",11,47,2.43999655473854,0.993994615862497,0.311111111111111,1080,0.36
"285",11,49,2.3720992455245,2.44357009732864,0.511111111111111,1125,0.36
"286",11,51,2.27231494089005,2.31932077034583,0.555555555555556,1170,0.36
"287",12,1,2.19571284844341,2.23648788569062,0.622222222222222,45,0.36
"288",12,3,2.16941524015133,2.21577966452682,0.444444444444444,90,0.36
"289",12,5,2.11645350637842,2.15365500103541,0.488888888888889,135,0.36
"290",12,7,2.05093855889117,2.0708221163802,0.555555555555556,180,0.36
"291",12,9,2.08988101019473,2.15365500103541,0.555555555555556,225,0.36
"292",12,11,1.94492346204809,1.98798923172499,0.488888888888889,270,0.36
"293",12,13,1.93035440379568,1.96728101056119,0.555555555555556,315,0.36
"294",12,15,1.86447293911971,1.90515634706979,0.555555555555556,360,0.36
"295",12,17,1.88050806612707,1.94657278939739,0.511111111111111,405,0.36
"296",12,19,1.86520597349718,1.92586456823359,0.488888888888889,450,0.36
"297",12,21,1.80079057757615,1.86373990474218,0.466666666666667,495,0.36
"298",12,23,1.75488429968648,1.82232346241458,0.422222222222222,540,0.36
"299",12,25,1.6992653162952,1.76019879892317,0.4,585,0.36
"300",12,27,1.63265081724174,1.69807413543177,0.488888888888889,630,0.36
"301",12,29,1.61890642266399,1.65665769310416,0.444444444444444,675,0.36
"302",12,31,1.58307936746466,1.63594947194036,0.4,720,0.36
"303",12,33,1.5560487247951,1.61524125077656,0.4,765,0.36
"304",12,35,1.56182137051776,1.61524125077656,0.577777777777778,810,0.36
"305",12,37,3.06573302521463,1.57382480844895,0.377777777777778,855,0.36
"306",12,39,2.91839311534125,1.49099192379375,0.355555555555556,900,0.36
"307",12,41,2.85883407217104,1.47028370262994,0.333333333333333,945,0.36
"308",12,43,2.79744244305714,1.44957548146614,0.4,990,0.36
"309",12,45,2.7830566433991,1.44957548146614,0.333333333333333,1035,0.36
"310",12,47,2.72817069438531,1.40815903913854,0.444444444444444,1080,0.36
"311",12,49,2.66293063478961,2.77490163594947,0.622222222222222,1125,0.36
"312",12,51,2.55123452152112,2.67136053013046,0.511111111111111,1170,0.36
"313",13,1,2.46858489546026,2.58852764547525,0.577777777777778,45,0.36
"314",13,3,2.33297353562648,2.44357009732864,0.511111111111111,90,0.36
"315",13,5,2.27753781082958,2.38144543383723,0.577777777777778,135,0.36
"316",13,7,2.26901628619138,2.36073721267343,0.555555555555556,180,0.36
"317",13,9,2.11187204151912,2.17436322219921,0.511111111111111,225,0.36
"318",13,11,2.06770672027596,2.15365500103541,0.533333333333333,270,0.36
"319",13,13,2.06000985931244,2.13294677987161,0.555555555555556,315,0.36
"320",13,15,1.93502749795213,2.0086974528888,0.488888888888889,360,0.36
"321",13,17,1.8620905773929,1.92586456823359,0.488888888888889,405,0.36
"322",13,19,1.76038205751757,1.82232346241458,0.644444444444444,450,0.36
"323",13,21,1.73335141484801,1.78090702008697,0.511111111111111,495,0.36
"324",13,23,1.68524603382589,1.73949057775937,0.466666666666667,540,0.36
"325",13,25,1.6919349725204,1.73949057775937,0.377777777777778,585,0.36
"326",13,27,1.61597428515405,1.63594947194036,0.555555555555556,630,0.36
"327",13,29,1.57730672174199,1.61524125077656,0.355555555555556,675,0.36
"328",13,31,1.53589027941439,1.57382480844895,0.466666666666667,720,0.36
"329",13,33,1.49557338865301,1.53240836612135,0.511111111111111,765,0.36
"330",13,35,1.43271569078412,1.47028370262994,0.466666666666667,810,0.36
"331",13,37,3.2035434881809,1.44957548146614,0.355555555555556,855,0.36
"332",13,39,3.15241434035167,1.44957548146614,0.422222222222222,900,0.36
"333",13,41,3.06903167991334,1.42886726030234,0.355555555555556,945,0.36
"334",13,43,2.96549057409432,1.38745081797474,0.311111111111111,990,0.36
"335",13,45,2.8600252530344,1.32532615448333,0.511111111111111,1035,0.36
"336",13,47,2.78525574653146,1.30461793331953,0.355555555555556,1080,0.36
"337",13,49,2.78415619496524,2.91985918409609,0.555555555555556,1125,0.36
"338",13,51,2.69087757043097,2.81631807827708,0.688888888888889,1170,0.36
"339",14,1,2.57065993252426,2.69206875129426,0.511111111111111,45,0.36
"340",14,3,2.53813153202361,2.65065230896666,0.6,90,0.36
"341",14,5,2.51220044092028,2.60923586663906,0.622222222222222,135,0.36
"342",14,7,2.39344887176855,2.48498653965624,0.644444444444444,180,0.36
"343",14,9,2.24748340135285,2.31932077034583,0.733333333333333,225,0.36
"344",14,11,2.17784513549229,2.21577966452682,0.688888888888889,270,0.36
"345",14,13,2.16859057647661,2.19507144336302,0.488888888888889,315,0.36
"346",14,15,2.14128504591549,2.17436322219921,0.466666666666667,360,0.36
"347",14,17,2.09785275904981,2.11223855870781,0.444444444444444,405,0.36
"348",14,19,2.04553243035718,2.0501138952164,0.6,450,0.36
"349",14,21,1.96819730353307,1.98798923172499,0.511111111111111,495,0.36
"350",14,23,1.9606837011639,1.98798923172499,0.555555555555556,540,0.36
"351",14,25,1.94813048744956,1.96728101056119,0.6,585,0.36
"352",14,27,1.90744707949944,1.92586456823359,0.533333333333333,630,0.36
"353",14,29,1.8778508165087,1.90515634706979,0.466666666666667,675,0.36
"354",14,31,1.7961174834197,1.82232346241458,0.377777777777778,720,0.36
"355",14,33,1.79620911271688,1.82232346241458,0.377777777777778,765,0.36
"356",14,35,1.73784125041005,1.76019879892317,0.333333333333333,810,0.36
"357",14,37,3.25210701568891,1.71878235659557,0.466666666666667,855,0.36
"358",14,39,3.05996037949203,1.63594947194036,0.444444444444444,900,0.36
"359",14,41,2.91344513329328,1.55311658728515,0.444444444444444,945,0.36
"360",14,43,2.82034976735335,1.49099192379375,0.333333333333333,990,0.36
"361",14,45,2.76198190504653,1.47028370262994,0.466666666666667,1035,0.36
"362",14,47,2.70572151657496,1.47028370262994,0.4,1080,0.36
"363",14,49,2.59604124784454,2.69206875129426,0.533333333333333,1125,0.36
"364",14,51,2.49918908072004,2.56781942431145,0.622222222222222,1170,0.36
"365",15,1,2.40572719759136,2.48498653965624,0.555555555555556,45,0.36
"366",15,3,2.32097009769526,2.42286187616484,0.577777777777778,90,0.36
"367",15,5,2.30658429803722,2.40215365500104,0.533333333333333,135,0.36
"368",15,7,2.22549237002852,2.31932077034583,0.622222222222222,180,0.36
"369",15,9,2.2288826540243,2.29861254918203,0.6,225,0.36
"370",15,11,2.11388788605717,2.17436322219921,0.6,270,0.36
"371",15,13,1.92064169829407,1.98798923172499,0.466666666666667,315,0.36
"372",15,15,1.95555246052154,2.0294056740526,0.466666666666667,360,0.36
"373",15,17,1.91147876857557,1.94657278939739,0.577777777777778,405,0.36
"374",15,19,1.98349939616294,2.0294056740526,0.511111111111111,450,0.36
"375",15,21,1.92192450845465,1.96728101056119,0.488888888888889,495,0.36
"376",15,23,1.86832136960144,1.92586456823359,0.555555555555556,540,0.36
"377",15,25,1.80042406038738,1.84303168357838,0.466666666666667,585,0.36
"378",15,27,1.74434693051018,1.78090702008697,0.377777777777778,630,0.36
"379",15,29,1.73921568986783,1.78090702008697,0.355555555555556,675,0.36
"380",15,31,1.69972346278111,1.73949057775937,0.533333333333333,720,0.36
"381",15,33,1.64190537625739,1.67736591426796,0.488888888888889,765,0.36
"382",15,35,1.59425814172121,1.63594947194036,0.4,810,0.36
"383",15,37,3.36453616333472,1.59453302961276,0.533333333333333,855,0.36
"384",15,39,3.27327338333852,1.57382480844895,0.6,900,0.36
"385",15,41,3.18952420571143,1.47028370262994,0.355555555555556,945,0.36
"386",15,43,3.0696730849935,1.40815903913854,0.466666666666667,990,0.36
"387",15,45,2.98949744995668,1.34603437564713,0.511111111111111,1035,0.36
"388",15,47,2.89530253245057,1.34603437564713,0.488888888888889,1080,0.36
"389",15,49,2.77481000665236,2.79560985711327,0.688888888888889,1125,0.36
"390",15,51,2.72496366898374,2.75419341478567,0.733333333333333,1170,0.36
"391",16,1,2.17967772143609,2.15365500103541,0.644444444444444,45,0.36
"392",16,3,1.7745845985813,1.73949057775937,0.444444444444444,90,0.36
"393",16,5,1.4804545546175,1.42886726030234,0.377777777777778,135,0.36
"394",16,7,1.22002576615839,1.15966038517291,0.333333333333333,180,0.36
"395",16,9,1.25949966738568,1.24249326982812,0.488888888888889,225,0.36
"396",16,11,1.09676832631759,1.07682750051771,0.355555555555556,270,0.36
"397",16,13,1.01742014986817,1.0147028370263,0.244444444444444,315,0.36
"398",16,15,0.79835028333575,0.786912404224477,0.377777777777778,360,0.36
"399",16,17,0.747205352469695,0.745495961896873,0.222222222222222,405,0.36
"400",16,19,0.634991029491791,0.621246634914061,0.2,450,0.36
"401",16,21,0.570025857787654,0.538413750258853,0.133333333333333,495,0.36
"402",16,23,0.476014198875883,0.455580865603645,0.177777777777778,540,0.36
"403",16,25,0.411782061549224,0.414164423276041,0.133333333333333,585,0.36
"404",16,27,0.396296710324965,0.393456202112239,0.0444444444444444,630,0.36
"405",16,29,0.350573691029666,0.331331538620832,0.111111111111111,675,0.36
"406",16,31,0.314105230750049,0.31062331745703,0.0888888888888889,720,0.36
"407",16,33,0.27250552982808,0.269206875129426,0.0888888888888889,765,0.36
"408",16,35,0.232463526958254,0.227790432801822,0.0222222222222222,810,0.36
"409",16,37,0.620788488428139,0.269206875129426,0,855,0.36
"410",16,39,0.649010311961112,0.289915096293228,0.0444444444444444,900,0.36
"411",16,41,0.632058891981893,0.269206875129426,0.0666666666666667,945,0.36
"412",16,43,0.558663824936731,0.20708221163802,0.0666666666666667,990,0.36
"413",16,45,0.517064124014758,0.20708221163802,0.0222222222222222,1035,0.36
"414",16,47,0.501670402087686,0.20708221163802,0,1080,0.36
"415",16,49,0.489117188373346,0.434872644439843,0,1125,0.36
"416",16,51,0.462727950784074,0.414164423276041,0.0222222222222222,1170,0.36
"417",17,1,0.407292225987168,0.372747980948437,0.0222222222222222,45,0.36
"418",17,3,0.405826157232208,0.372747980948437,0,90,0.36
"419",17,5,0.399870252915185,0.372747980948437,0,135,0.36
"420",17,7,0.399870252915185,0.372747980948437,0,180,0.36
"421",17,9,0.664587292482536,0.621246634914061,0.177777777777778,225,0.36
"422",17,11,0.674758144470055,0.662663077241665,0.244444444444444,270,0.36
"423",17,13,0.601088189533354,0.579830192586457,0.111111111111111,315,0.36
"424",17,15,0.55838893704516,0.559121971422655,0.177777777777778,360,0.36
"425",17,17,0.490216739939554,0.476289086767447,0.111111111111111,405,0.36
"426",17,19,0.423837785124612,0.414164423276041,0.133333333333333,450,0.36
"427",17,21,0.362577128960894,0.352039759784635,0.111111111111111,495,0.36
"428",17,23,0.257478325089744,0.227790432801822,0.155555555555556,540,0.36
"429",17,25,0.239866257877824,0.20708221163802,0.0666666666666667,585,0.36
"430",17,27,0.219085649569247,0.227790432801822,0.0666666666666667,630,0.36
"431",17,29,0.203325410453435,0.20708221163802,0.0222222222222222,675,0.36
"432",17,31,0.182617189289635,0.186373990474218,0.0666666666666667,720,0.36
"433",17,33,0.169605829089372,0.165665769310416,0.0222222222222222,765,0.36
"434",17,35,0.190680567441912,0.186373990474218,0,810,0.36
"435",17,37,0.295412854124326,0.165665769310416,0,855,0.36
"436",17,39,0.306133481894964,0.186373990474218,0,900,0.36
"437",17,41,0.290739759967888,0.165665769310416,0.0222222222222222,945,0.36
"438",17,43,0.262334677840551,0.124249326982812,0.0222222222222222,990,0.36
"439",17,45,0.282493123221242,0.144957548146614,0,1035,0.36
"440",17,47,0.260410462599667,0.124249326982812,0.0222222222222222,1080,0.36
"441",17,49,0.249231688343101,0.269206875129426,0,1125,0.36
"442",17,51,0.222292674970724,0.248498653965624,0.0222222222222222,1170,0.36
"443",18,1,0.222292674970723,0.248498653965624,0,45,0.36
"444",18,3,0.212121822983193,0.248498653965624,0.0222222222222222,90,0.36
"445",18,5,0.20579940147743,0.248498653965624,0,135,0.36
"446",18,7,0.20579940147743,0.248498653965624,0,180,0.36
"447",18,9,0.504510910300406,0.517705529095051,0.0888888888888889,225,0.36
"448",18,11,0.471615992611003,0.455580865603645,0.155555555555556,270,0.36
"449",18,13,0.496814049336869,0.476289086767447,0.155555555555556,315,0.36
"450",18,15,0.456680417169858,0.455580865603645,0.177777777777778,360,0.36
"451",18,17,0.354147233619881,0.331331538620832,0.177777777777778,405,0.36
"452",18,19,0.354055604322694,0.331331538620832,0.0222222222222222,450,0.36
"453",18,21,0.288174139646706,0.269206875129426,0.111111111111111,495,0.36
"454",18,23,0.263342600109581,0.227790432801822,0.0888888888888889,540,0.36
"455",18,25,0.252255455150201,0.227790432801822,0.0222222222222222,585,0.36
"456",18,27,0.137443945777449,0.124249326982812,0.133333333333333,630,0.36
"457",18,29,0.159709864993396,0.144957548146614,0,675,0.36
"458",18,31,0.140650971178923,0.124249326982812,0.0222222222222222,720,0.36
"459",18,33,0.112062630457213,0.10354110581901,0.0444444444444444,765,0.36
"460",18,35,0.10500717457397,0.10354110581901,0,810,0.36
"461",18,37,0.189031240092581,0.0828328846552081,0,855,0.36
"462",18,39,0.257386695792561,0.165665769310416,0,900,0.36
"463",18,41,0.254729446174197,0.165665769310416,0,945,0.36
"464",18,43,0.212671598766301,0.10354110581901,0.0444444444444444,990,0.36
"465",18,45,0.19471225651805,0.10354110581901,0.0222222222222222,1035,0.36
"466",18,47,0.173912406057064,0.10354110581901,0.0222222222222222,1080,0.36
"467",18,49,0.168506277523151,0.144957548146614,0,1125,0.36
"468",18,51,0.165849027904787,0.144957548146614,0,1170,0.36
"469",19,1,0.164016441961088,0.144957548146614,0,45,0.36
"470",19,3,0.157877279049695,0.144957548146614,0,90,0.36
"471",19,5,0.157877279049695,0.144957548146614,0,135,0.36
"472",19,7,0.157877279049695,0.144957548146614,0,180,0.36
"473",19,9,0.532457845941818,0.600538413750259,0.111111111111111,225,0.36
"474",19,11,0.487926007509934,0.538413750258853,0.222222222222222,270,0.36
"475",19,13,0.509458892348393,0.538413750258853,0.111111111111111,315,0.36
"476",19,15,0.505976979055362,0.538413750258853,0.177777777777778,360,0.36
"477",19,17,0.447123154225974,0.476289086767447,0.0888888888888889,405,0.36
"478",19,19,0.344159640226722,0.372747980948437,0.111111111111111,450,0.36
"479",19,21,0.283226157598722,0.31062331745703,0.0888888888888889,495,0.36
"480",19,23,0.279560985711321,0.289915096293228,0.0222222222222222,540,0.36
"481",19,25,0.20616591866617,0.20708221163802,0.111111111111111,585,0.36
"482",19,27,0.194987144409605,0.186373990474218,0.0222222222222222,630,0.36
"483",19,29,0.18417488734178,0.186373990474218,0.0222222222222222,675,0.36
"484",19,31,0.18417488734178,0.186373990474218,0,720,0.36
"485",19,33,0.158060537644066,0.144957548146614,0,765,0.36
"486",19,35,0.152562779812968,0.144957548146614,0,810,0.36
"487",19,37,0.485726904377494,0.144957548146614,0,855,0.36
"488",19,39,0.490033481345189,0.144957548146614,0.0444444444444444,900,0.36
"489",19,41,0.489392076264894,0.144957548146614,0,945,0.36
"490",19,43,0.44980821988099,0.124249326982812,0.0222222222222222,990,0.36
"491",19,45,0.311906127617616,0.10354110581901,0.0222222222222222,1035,0.36
"492",19,47,0.311906127617616,0.10354110581901,0,1080,0.36
"493",19,49,0.302834827196304,0.248498653965624,0.0222222222222222,1125,0.36
"494",19,51,0.264258893081437,0.20708221163802,0.0222222222222222,1170,0.36
"495",20,1,0.22962301874552,0.186373990474218,0.0444444444444444,45,0.36
"496",20,3,0.229531389448335,0.186373990474218,0,90,0.36
"497",20,5,0.227607174207451,0.186373990474218,0,135,0.36
"498",20,7,0.225682958966566,0.186373990474218,0,180,0.36
"499",20,9,0.53884834955107,0.476289086767447,0.222222222222222,225,0.36
"500",20,11,0.543154926518768,0.496997307931249,0.155555555555556,270,0.36
"501",20,13,0.540387241699537,0.496997307931249,0.133333333333333,315,0.36
"502",20,15,0.523111657628947,0.496997307931249,0.244444444444444,360,0.36
"503",20,17,0.432927252650267,0.414164423276041,0.2,405,0.36
"504",20,19,0.344420953407583,0.31062331745703,0.155555555555556,450,0.36
"505",20,21,0.293488638883438,0.248498653965624,0.0888888888888889,495,0.36
"506",20,23,0.284967114245237,0.248498653965624,0.0222222222222222,540,0.36
"507",20,25,0.270581314587195,0.227790432801822,0.0444444444444444,585,0.36
"508",20,27,0.211480417902898,0.186373990474218,0.0888888888888889,630,0.36
"509",20,29,0.170063975575296,0.165665769310416,0.0666666666666667,675,0.36
"510",20,31,0.147248280576239,0.144957548146614,0.0222222222222222,720,0.36
"511",20,33,0.126540059412437,0.124249326982812,0.0222222222222222,765,0.36
"512",20,35,0.126448430115252,0.124249326982812,0,810,0.36
"513",20,37,0.343334976552064,0.144957548146614,0,855,0.36
"514",20,39,0.386950522012104,0.186373990474218,0.0222222222222222,900,0.36
"515",20,41,0.380261583317602,0.186373990474218,0.0222222222222222,945,0.36
"516",20,43,0.340219580447772,0.165665769310416,0.0666666666666667,990,0.36
"517",20,45,0.341960537094287,0.165665769310416,0,1035,0.36
"518",20,47,0.350023915246563,0.186373990474218,0,1080,0.36
"519",20,49,0.336279520668818,0.393456202112239,0.0222222222222222,1125,0.36
"520",20,51,0.322535126091074,0.372747980948437,0.0222222222222222,1170,0.36
"521",21,1,0.324367712034774,0.372747980948437,0,45,0.36
"522",21,3,0.303018085790675,0.352039759784635,0,90,0.36
"523",21,5,0.302559939304749,0.352039759784635,0,135,0.36
"524",21,7,0.30146038773853,0.352039759784635,0,180,0.36
"525",21,9,0.560862928069163,0.579830192586457,0.0666666666666667,225,0.36
"526",21,11,0.626652763447965,0.641954856077863,0.222222222222222,270,0.36
"527",21,13,0.54012150788464,0.579830192586457,0.222222222222222,315,0.36
"528",21,15,0.515323167368234,0.559121971422655,0.155555555555556,360,0.36
"529",21,17,0.454389684740233,0.496997307931249,0.177777777777778,405,0.36
"530",21,19,0.386767263417728,0.414164423276041,0.111111111111111,450,0.36
"531",21,21,0.323817936251656,0.352039759784635,0.133333333333333,495,0.36
"532",21,23,0.305766964706216,0.331331538620832,0.0444444444444444,540,0.36
"533",21,25,0.307049774866806,0.331331538620832,0,585,0.36
"534",21,27,0.295687742015872,0.331331538620832,0,630,0.36
"535",21,29,0.249323317640284,0.269206875129426,0.0222222222222222,675,0.36
"536",21,31,0.214779072601557,0.227790432801822,0.0888888888888889,720,0.36
"537",21,33,0.218444244488954,0.248498653965624,0.0444444444444444,765,0.36
"538",21,35,0.215420477681851,0.248498653965624,0.0222222222222222,810,0.36
"539",21,37,0.300635724063869,0.227790432801822,0,855,0.36
"540",21,39,0.21908564956925,0.124249326982812,0.0222222222222222,900,0.36
"541",21,41,0.230997458203295,0.144957548146614,0,945,0.36
"542",21,43,0.213496262440967,0.124249326982812,0,990,0.36
"543",21,45,0.184449775233334,0.0828328846552081,0.0444444444444444,1035,0.36
"544",21,47,0.174462181840173,0.0621246634914061,0.0222222222222222,1080,0.36
"545",21,49,0.184541404530519,0.20708221163802,0,1125,0.36
"546",21,51,0.179593422482531,0.186373990474218,0.0222222222222222,1170,0.36
"547",22,1,0.173637518165509,0.186373990474218,0,45,0.36
"548",22,3,0.1816092670206,0.186373990474218,0,90,0.36
"549",22,5,0.1816092670206,0.186373990474218,0,135,0.36
"550",22,7,0.1816092670206,0.186373990474218,0,180,0.36
"551",22,9,0.491133032911409,0.559121971422655,0.111111111111111,225,0.36
"552",22,11,0.562054108932567,0.621246634914061,0.0444444444444444,270,0.36
"553",22,13,0.504785798191965,0.538413750258853,0.2,315,0.36
"554",22,15,0.546568757708305,0.579830192586457,0.111111111111111,360,0.36
"555",22,17,0.516317586372423,0.538413750258853,0.0666666666666667,405,0.36
"556",22,19,0.45501758655568,0.434872644439843,0.111111111111111,450,0.36
"557",22,21,0.3881417028755,0.393456202112239,0.0888888888888889,495,0.36
"558",22,23,0.293763526774993,0.248498653965624,0.155555555555556,540,0.36
"559",22,25,0.298161733039871,0.248498653965624,0,585,0.36
"560",22,27,0.289090432618557,0.248498653965624,0.0444444444444444,630,0.36
"561",22,29,0.27287204701682,0.227790432801822,0.0444444444444444,675,0.36
"562",22,31,0.259585798925002,0.20708221163802,0.0222222222222222,720,0.36
"563",22,33,0.230814199608925,0.186373990474218,0.0888888888888889,765,0.36
"564",22,35,0.210472495633864,0.165665769310416,0.0222222222222222,810,0.36
"565",22,37,0.495256351284734,0.144957548146614,0.0222222222222222,855,0.36
"566",22,39,0.502495065762346,0.144957548146614,0.0222222222222222,900,0.36
"567",22,41,0.52430283849237,0.186373990474218,0.0222222222222222,945,0.36
"568",22,43,0.492782360260742,0.165665769310416,0.0444444444444444,990,0.36
"569",22,45,0.460712106246004,0.165665769310416,0,1035,0.36
"570",22,47,0.459887442571338,0.165665769310416,0,1080,0.36
"571",22,49,0.45732182225016,0.372747980948437,0,1125,0.36
"572",22,51,0.416455155705665,0.31062331745703,0,1170,0.36
"573",23,1,0.397487891188377,0.289915096293228,0.0222222222222222,45,0.36
"574",23,3,0.353414199242408,0.269206875129426,0.0222222222222222,90,0.36
"575",23,5,0.344068010929542,0.269206875129426,0,135,0.36
"576",23,7,0.321618833119225,0.269206875129426,0.0222222222222222,180,0.36
"577",23,9,0.36505111998489,0.331331538620832,0.133333333333333,225,0.36
"578",23,11,0.461047487265793,0.434872644439843,0.0666666666666667,270,0.36
"579",23,13,0.415293331801545,0.393456202112239,0.0666666666666667,315,0.36
"580",23,15,0.399870252915179,0.372747980948437,0.0666666666666667,360,0.36
"581",23,17,0.390707323196683,0.352039759784635,0.0666666666666667,405,0.36
"582",23,19,0.355246785186102,0.31062331745703,0.0666666666666667,450,0.36
"583",23,21,0.331056650729269,0.289915096293228,0.0444444444444444,495,0.36
"584",23,23,0.274613003663336,0.227790432801822,0.0666666666666667,540,0.36
"585",23,25,0.307233033461181,0.269206875129426,0,585,0.36
"586",23,27,0.293397009586252,0.248498653965624,0.0222222222222222,630,0.36
"587",23,29,0.272047383342158,0.227790432801822,0.0222222222222222,675,0.36
"588",23,31,0.232830044146996,0.186373990474218,0.0666666666666667,720,0.36
"589",23,33,0.24639118013037,0.20708221163802,0,765,0.36
"590",23,35,0.21056412493105,0.165665769310416,0.0222222222222222,810,0.36
"591",23,37,0.571766814434185,0.186373990474218,0,855,0.36
"592",23,39,0.578913899614612,0.20708221163802,0.0222222222222222,900,0.36
"593",23,41,0.536397905720784,0.20708221163802,0,945,0.36
"594",23,43,0.535664871343303,0.20708221163802,0,990,0.36
"595",23,45,0.535481612748934,0.20708221163802,0,1035,0.36
"596",23,47,0.522012106062746,0.20708221163802,0,1080,0.36
"597",23,49,0.486918085240905,0.352039759784635,0.0222222222222222,1125,0.36
"598",23,51,0.477938414116779,0.352039759784635,0,1170,0.36
"599",24,1,0.438995962813167,0.31062331745703,0,45,0.36
"600",24,3,0.435605678817323,0.31062331745703,0,90,0.36
"601",24,5,0.422136172131134,0.31062331745703,0,135,0.36
"602",24,7,0.380811359100714,0.269206875129426,0.0222222222222222,180,0.36
"603",24,9,0.562512255418495,0.538413750258853,0.133333333333333,225,0.36
"604",24,11,0.50341135873419,0.496997307931249,0.2,270,0.36
"605",24,13,0.488200895401487,0.476289086767447,0.111111111111111,315,0.36
"606",24,15,0.527143346705095,0.517705529095051,0.111111111111111,360,0.36
"607",24,17,0.457963227330444,0.455580865603645,0.133333333333333,405,0.36
"608",24,19,0.346633631250719,0.331331538620832,0.133333333333333,450,0.36
"609",24,21,0.310989834645764,0.289915096293228,0.0888888888888889,495,0.36
"610",24,23,0.269390133723791,0.248498653965624,0.111111111111111,540,0.36
"611",24,25,0.269665021615346,0.248498653965624,0.0222222222222222,585,0.36
"612",24,27,0.228248579287745,0.20708221163802,0.0444444444444444,630,0.36
"613",24,29,0.208273392501425,0.186373990474218,0.0222222222222222,675,0.36
"614",24,31,0.197919281919524,0.186373990474218,0.0222222222222222,720,0.36
"615",24,33,0.186832136960144,0.165665769310416,0.0222222222222222,765,0.36
"616",24,35,0.178952017402237,0.165665769310416,0,810,0.36
"617",24,37,0.312547532697915,0.124249326982812,0,855,0.36
"618",24,39,0.37448893759495,0.20708221163802,0,900,0.36
"619",24,41,0.35717100042699,0.20708221163802,0.0222222222222222,945,0.36
"620",24,43,0.35717100042699,0.20708221163802,0,990,0.36
"621",24,45,0.35717100042699,0.20708221163802,0,1035,0.36
"622",24,47,0.297978474445503,0.165665769310416,0.0444444444444444,1080,0.36
"623",24,49,0.297978474445503,0.269206875129426,0,1125,0.36
"624",24,51,0.297978474445502,0.269206875129426,0,1170,0.36
"625",25,1,0.296329147096173,0.269206875129426,0,45,0.36
"626",25,3,0.273330193502748,0.248498653965624,0,90,0.36
"627",25,5,0.273330193502748,0.248498653965624,0,135,0.36
"628",25,7,0.267007771996985,0.227790432801822,0,180,0.36
"629",25,9,0.499316051389536,0.455580865603645,0.111111111111111,225,0.36
"630",25,11,0.46119826376059,0.393456202112239,0.2,270,0.36
"631",25,13,0.463245917432919,0.414164423276041,0.133333333333333,315,0.36
"632",25,15,0.42149476705083,0.372747980948437,0.111111111111111,360,0.36
"633",25,17,0.434609018249607,0.372747980948437,0.0888888888888889,405,0.36
"634",25,19,0.414072793978847,0.352039759784635,0.0888888888888889,450,0.36
"635",25,21,0.317312256151529,0.269206875129426,0.0888888888888889,495,0.36
"636",25,23,0.298711508822979,0.248498653965624,0.0666666666666667,540,0.36
"637",25,25,0.240435275813346,0.186373990474218,0.0888888888888889,585,0.36
"638",25,27,0.218810761677696,0.165665769310416,0.0444444444444444,630,0.36
"639",25,29,0.23072257031174,0.186373990474218,0,675,0.36
"640",25,31,0.237228250411872,0.186373990474218,0,720,0.36
"641",25,33,0.252072196555835,0.20708221163802,0.0222222222222222,765,0.36
"642",25,35,0.221468011296059,0.186373990474218,0.0666666666666667,810,0.36
"643",25,37,0.396021822433417,0.165665769310416,0.0444444444444444,855,0.36
"644",25,39,0.427725559259414,0.20708221163802,0,900,0.36
"645",25,41,0.401153063075774,0.186373990474218,0.0666666666666667,945,0.36
"646",25,43,0.375313601269614,0.165665769310416,0.0444444444444444,990,0.36
"647",25,45,0.339578175367478,0.144957548146614,0.0222222222222222,1035,0.36
"648",25,47,0.33224783159268,0.144957548146614,0,1080,0.36
"649",25,49,0.325009117115069,0.289915096293228,0.0222222222222222,1125,0.36
"650",25,51,0.312547532697913,0.289915096293228,0,1170,0.36
"651",26,1,0.300635724063867,0.289915096293228,0,45,0.36
"652",26,3,0.297428698662393,0.289915096293228,0,90,0.36
"653",26,5,0.297428698662393,0.289915096293228,0,135,0.36
"654",26,7,0.289090432618562,0.269206875129426,0.0222222222222222,180,0.36
"655",26,9,0.574240805458174,0.600538413750259,0.177777777777778,225,0.36
"656",26,11,0.565902539414335,0.579830192586457,0.155555555555556,270,0.36
"657",26,13,0.482519878976013,0.517705529095051,0.266666666666667,315,0.36
"658",26,15,0.401794468156061,0.414164423276041,0.222222222222222,360,0.36
"659",26,17,0.371740058679397,0.372747980948437,0.133333333333333,405,0.36
"660",26,19,0.314380118641609,0.331331538620832,0.0888888888888889,450,0.36
"661",26,21,0.291014647859441,0.31062331745703,0.0666666666666667,495,0.36
"662",26,23,0.270856202478751,0.289915096293228,0.0222222222222222,540,0.36
"663",26,25,0.185182809610815,0.20708221163802,0.111111111111111,585,0.36
"664",26,27,0.199110462782929,0.20708221163802,0,630,0.36
"665",26,29,0.18655724906859,0.20708221163802,0.0444444444444444,675,0.36
"666",26,31,0.18655724906859,0.20708221163802,0,720,0.36
"667",26,33,0.18655724906859,0.20708221163802,0,765,0.36
"668",26,35,0.165849027904788,0.186373990474218,0.0222222222222222,810,0.36
"669",26,37,0.458238115222007,0.186373990474218,0,855,0.36
"670",26,39,0.432090778977306,0.20708221163802,0.0444444444444444,900,0.36
"671",26,41,0.399104231990718,0.186373990474218,0.0222222222222222,945,0.36
"672",26,43,0.39519715875875,0.186373990474218,0,990,0.36
"673",26,45,0.338020477315336,0.144957548146614,0.0444444444444444,1035,0.36
"674",26,47,0.321160686633301,0.144957548146614,0,1080,0.36
"675",26,49,0.321160686633301,0.352039759784635,0,1125,0.36
"676",26,51,0.296604034987732,0.331331538620832,0,1170,0.36
"677",27,1,0.293580268180628,0.331331538620832,0,45,0.36
"678",27,3,0.290556501373524,0.331331538620832,0,90,0.36
"679",27,5,0.270672943884386,0.31062331745703,0,135,0.36
"680",27,7,0.270672943884386,0.31062331745703,0,180,0.36
"681",27,9,0.623079220857733,0.683371298405467,0.111111111111111,225,0.36
"682",27,11,0.621429893508416,0.704079519569269,0.177777777777778,270,0.36
"683",27,13,0.549134378029483,0.641954856077863,0.266666666666667,315,0.36
"684",27,15,0.480962180923871,0.559121971422655,0.2,360,0.36
"685",27,17,0.425618085424153,0.496997307931249,0.177777777777778,405,0.36
"686",27,19,0.376413152835826,0.434872644439843,0.155555555555556,450,0.36
"687",27,21,0.299811060389199,0.352039759784635,0.111111111111111,495,0.36
"688",27,23,0.275071150149261,0.331331538620832,0.0222222222222222,540,0.36
"689",27,25,0.275254408743631,0.331331538620832,0,585,0.36
"690",27,27,0.235395664468172,0.289915096293228,0.0666666666666667,630,0.36
"691",27,29,0.23997712932742,0.31062331745703,0.0444444444444444,675,0.36
"692",27,31,0.211205530011343,0.269206875129426,0.0444444444444444,720,0.36
"693",27,33,0.199293721377298,0.269206875129426,0,765,0.36
"694",27,35,0.171255156438701,0.227790432801822,0.0444444444444444,810,0.36
"695",27,37,0.312089386211989,0.20708221163802,0.0222222222222222,855,0.36
"696",27,39,0.334080417536378,0.227790432801822,0,900,0.36
"697",27,41,0.334080417536377,0.227790432801822,0,945,0.36
"698",27,43,0.301185499846975,0.186373990474218,0.0222222222222222,990,0.36
"699",27,45,0.280843795871914,0.165665769310416,0.0222222222222222,1035,0.36
"700",27,47,0.239977129327421,0.165665769310416,0,1080,0.36
"701",27,49,0.21908564956925,0.31062331745703,0.0222222222222222,1125,0.36
"702",27,51,0.21926890816362,0.31062331745703,0,1170,0.36
