"","year","week","total.fox.density","all.but.cub.density","bait.take","bait.cost","bufferwidth"
"1",1,1,1.96764752774992,1.88444812590598,0.47244094488189,127,2000
"2",1,3,1.95298684020033,1.88444812590598,0.409448818897638,254,2000
"3",1,5,1.92055006899685,1.84303168357838,0.393700787401575,381,2000
"4",1,7,1.88133272980169,1.80161524125078,0.488188976377953,508,2000
"5",1,9,1.83991628747409,1.76019879892317,0.385826771653543,635,2000
"6",1,11,1.80601344751564,1.71878235659557,0.346456692913386,762,2000
"7",1,13,1.79859147444366,1.71878235659557,0.362204724409449,889,2000
"8",1,15,1.79849984514648,1.71878235659557,0.346456692913386,1016,2000
"9",1,17,1.79849984514648,1.71878235659557,0.425196850393701,1143,2000
"10",1,19,1.78897039823924,1.71878235659557,0.519685039370079,1270,2000
"11",1,21,1.73637518165507,1.65665769310416,0.385826771653543,1397,2000
"12",1,23,1.71566696049127,1.63594947194036,0.401574803149606,1524,2000
"13",1,25,1.67635799199892,1.59453302961276,0.401574803149606,1651,2000
"14",1,27,1.63448340318539,1.55311658728515,0.37007874015748,1778,2000
"15",1,29,1.63265081724169,1.55311658728515,0.401574803149606,1905,2000
"16",1,31,1.55925575019653,1.49099192379375,0.322834645669291,2032,2000
"17",1,33,1.50821823166451,1.44957548146614,0.37007874015748,2159,2000
"18",1,35,1.44627682676748,1.36674259681093,0.322834645669291,2286,2000
"19",1,37,3.04887323453263,1.36674259681093,0.338582677165354,2413,2000
"20",1,39,2.94918055919539,1.30461793331953,0.448818897637795,2540,2000
"21",1,41,2.86781374329514,1.28390971215573,0.31496062992126,2667,2000
"22",1,43,2.81109520833764,1.22178504866432,0.330708661417323,2794,2000
"23",1,45,2.79121165084851,1.24249326982812,0.354330708661417,2921,2000
"24",1,47,2.67667502936729,1.15966038517291,0.322834645669291,3048,2000
"25",1,49,2.57395858722293,2.36073721267343,0.535433070866142,3175,2000
"26",1,51,2.52484528393178,2.31932077034583,0.480314960629921,3302,2000
"27",2,1,2.4151650152014,2.21577966452682,0.551181102362205,127,2000
"28",2,3,2.28386023233535,2.091530337544,0.47244094488189,254,2000
"29",2,5,2.23740417866257,2.0501138952164,0.535433070866142,381,2000
"30",2,7,2.154388035413,1.98798923172499,0.503937007874016,508,2000
"31",2,9,1.9564687534934,1.78090702008697,0.496062992125984,635,2000
"32",2,11,1.97021314807113,1.84303168357838,0.503937007874016,762,2000
"33",2,13,1.89049565952021,1.76019879892317,0.511811023622047,889,2000
"34",2,15,1.78438893338002,1.67736591426796,0.440944881889764,1016,2000
"35",2,17,1.7010062729417,1.59453302961276,0.433070866141732,1143,2000
"36",2,19,1.68103108615538,1.57382480844895,0.440944881889764,1270,2000
"37",2,21,1.66298011460994,1.55311658728515,0.440944881889764,1397,2000
"38",2,23,1.62000597423019,1.51170014495755,0.425196850393701,1524,2000
"39",2,25,1.57245036899119,1.47028370262994,0.377952755905512,1651,2000
"40",2,27,1.48027129602311,1.36674259681093,0.47244094488189,1778,2000
"41",2,29,1.42575186419805,1.32532615448333,0.401574803149606,1905,2000
"42",2,31,1.35336471942193,1.24249326982812,0.385826771653543,2032,2000
"43",2,33,1.31652974195358,1.22178504866432,0.377952755905512,2159,2000
"44",2,35,1.2999448391631,1.20107682750052,0.338582677165354,2286,2000
"45",2,37,2.81787577632936,1.15966038517291,0.275590551181102,2413,2000
"46",2,39,2.77481000665244,1.15966038517291,0.307086614173228,2540,2000
"47",2,41,2.62921105342551,1.13895216400911,0.31496062992126,2667,2000
"48",2,43,2.52676949917272,1.09753572168151,0.417322834645669,2794,2000
"49",2,45,2.43275784026096,1.0354110581901,0.31496062992126,2921,2000
"50",2,47,2.39509819911792,1.0561192793539,0.244094488188976,3048,2000
"51",2,49,2.35423153257343,2.15365500103541,0.480314960629921,3175,2000
"52",2,51,2.26205245960535,2.0501138952164,0.456692913385827,3302,2000
"53",3,1,2.18902390974893,1.98798923172499,0.448818897637795,127,2000
"54",3,3,2.17143108468941,1.96728101056119,0.456692913385827,254,2000
"55",3,5,2.12057682475176,1.92586456823359,0.425196850393701,381,2000
"56",3,7,1.99962615246759,1.80161524125078,0.511811023622047,508,2000
"57",3,9,1.88023317823554,1.73949057775937,0.503937007874016,635,2000
"58",3,11,1.91743467289261,1.80161524125078,0.440944881889764,762,2000
"59",3,13,1.83936651169102,1.71878235659557,0.464566929133858,889,2000
"60",3,15,1.79813332795778,1.69807413543177,0.409448818897638,1016,2000
"61",3,17,1.68643721468931,1.59453302961276,0.433070866141732,1143,2000
"62",3,19,1.63026845551492,1.55311658728515,0.417322834645669,1270,2000
"63",3,21,1.56667772326855,1.49099192379375,0.393700787401575,1397,2000
"64",3,23,1.46176217799175,1.38745081797474,0.354330708661417,1524,2000
"65",3,25,1.36206950265452,1.28390971215573,0.322834645669291,1651,2000
"66",3,27,1.32303542205372,1.24249326982812,0.417322834645669,1778,2000
"67",3,29,1.27098998125266,1.20107682750052,0.236220472440945,1905,2000
"68",3,31,1.18962316535241,1.09753572168151,0.377952755905512,2032,2000
"69",3,33,1.19979401733994,1.11824394284531,0.267716535433071,2159,2000
"70",3,35,1.20052705171742,1.11824394284531,0.362204724409449,2286,2000
"71",3,37,2.60346322091653,1.11824394284531,0.283464566929134,2413,2000
"72",3,39,2.52429550814873,1.11824394284531,0.283464566929134,2540,2000
"73",3,41,2.45511538877407,1.11824394284531,0.275590551181102,2667,2000
"74",3,43,2.39656426787287,1.11824394284531,0.291338582677165,2794,2000
"75",3,45,2.39656426787286,1.11824394284531,0.346456692913386,2921,2000
"76",3,47,2.35102450717193,1.09753572168151,0.275590551181102,3048,2000
"77",3,49,2.31556396916134,2.0294056740526,0.456692913385827,3175,2000
"78",3,51,2.28899147297769,2.0086974528888,0.574803149606299,3302,2000
"79",4,1,2.23657951498789,1.96728101056119,0.519685039370079,127,2000
"80",4,3,2.2243928184623,1.96728101056119,0.440944881889764,254,2000
"81",4,5,2.20542555394502,1.94657278939739,0.47244094488189,381,2000
"82",4,7,2.18728295310239,1.92586456823359,0.511811023622047,508,2000
"83",4,9,2.13844453770276,2.0086974528888,0.519685039370079,635,2000
"84",4,11,2.10930642119792,2.0086974528888,0.496062992125984,762,2000
"85",4,13,2.05057204170234,1.94657278939739,0.488188976377953,889,2000
"86",4,15,1.96499027813159,1.86373990474218,0.401574803149606,1016,2000
"87",4,17,1.88334857433979,1.78090702008697,0.346456692913386,1143,2000
"88",4,19,1.85842540550548,1.76019879892317,0.393700787401575,1270,2000
"89",4,21,1.79630074201407,1.69807413543177,0.456692913385827,1397,2000
"90",4,23,1.79630074201407,1.69807413543177,0.377952755905512,1524,2000
"91",4,25,1.7820982009504,1.67736591426796,0.37007874015748,1651,2000
"92",4,27,1.70879476320243,1.61524125077656,0.377952755905512,1778,2000
"93",4,29,1.66554573493112,1.57382480844895,0.338582677165354,1905,2000
"94",4,31,1.58454543621961,1.49099192379375,0.31496062992126,2032,2000
"95",4,33,1.54120477865112,1.44957548146614,0.362204724409449,2159,2000
"96",4,35,1.543128993892,1.44957548146614,0.417322834645669,2286,2000
"97",4,37,2.84774692721161,1.40815903913854,0.377952755905512,2413,2000
"98",4,39,2.81531015600813,1.40815903913854,0.346456692913386,2540,2000
"99",4,41,2.76583033552825,1.38745081797474,0.448818897637795,2667,2000
"100",4,43,2.71195230878348,1.36674259681093,0.417322834645669,2794,2000
"101",4,45,2.72432226390346,1.38745081797474,0.37007874015748,2921,2000
"102",4,47,2.6637552984642,1.34603437564713,0.307086614173228,3048,2000
"103",4,49,2.60016456621783,2.38144543383723,0.598425196850394,3175,2000
"104",4,51,2.5388645664011,2.34002899150963,0.52755905511811,3302,2000
"105",5,1,2.47783945447593,2.29861254918203,0.614173228346457,127,2000
"106",5,3,2.38144543383732,2.19507144336302,0.503937007874016,254,2000
"107",5,5,2.27836247450424,2.091530337544,0.448818897637795,381,2000
"108",5,7,2.1907648663954,2.0294056740526,0.574803149606299,508,2000
"109",5,9,2.03756068150208,1.90515634706979,0.503937007874016,635,2000
"110",5,11,2.12222615210099,2.0294056740526,0.456692913385827,762,2000
"111",5,13,2.11489580832619,2.0086974528888,0.496062992125984,889,2000
"112",5,15,2.11379625675997,2.0294056740526,0.417322834645669,1016,2000
"113",5,17,2.13083930603637,2.0294056740526,0.503937007874016,1143,2000
"114",5,19,2.09739461256386,2.0086974528888,0.448818897637795,1270,2000
"115",5,21,2.04085933620074,1.94657278939739,0.448818897637795,1397,2000
"116",5,23,1.9984349716041,1.90515634706979,0.385826771653543,1524,2000
"117",5,25,1.93731823038172,1.84303168357838,0.409448818897638,1651,2000
"118",5,27,1.91230343225022,1.82232346241458,0.401574803149606,1778,2000
"119",5,29,1.82369790187237,1.71878235659557,0.425196850393701,1905,2000
"120",5,31,1.78612989002653,1.69807413543177,0.299212598425197,2032,2000
"121",5,33,1.74672929223699,1.65665769310416,0.385826771653543,2159,2000
"122",5,35,1.72464663161542,1.63594947194036,0.409448818897638,2286,2000
"123",5,37,3.39266635757059,1.57382480844895,0.409448818897638,2413,2000
"124",5,39,3.31010836080697,1.51170014495755,0.322834645669291,2540,2000
"125",5,41,3.19483870494829,1.51170014495755,0.401574803149606,2667,2000
"126",5,43,3.17156486346332,1.51170014495755,0.338582677165354,2794,2000
"127",5,45,3.04401688178181,1.42886726030234,0.417322834645669,2921,2000
"128",5,47,3.00699864571911,1.38745081797474,0.330708661417323,3048,2000
"129",5,49,2.91023810789178,2.71277697245807,0.559055118110236,3175,2000
"130",5,51,2.84197428148899,2.62994408780286,0.480314960629921,3302,2000
"131",6,1,2.79157816803725,2.58852764547525,0.47244094488189,127,2000
"132",6,3,2.72184827287949,2.52640298198385,0.543307086614173,254,2000
"133",6,5,2.67016934926715,2.50569476082005,0.511811023622047,381,2000
"134",6,7,2.63186830304383,2.46427831849244,0.488188976377953,508,2000
"135",6,9,2.56424588172129,2.42286187616484,0.614173228346457,635,2000
"136",6,11,2.36421912596651,2.25719610685442,0.535433070866142,762,2000
"137",6,13,2.1838926691065,2.11223855870781,0.535433070866142,889,2000
"138",6,15,2.09941045710194,2.0501138952164,0.480314960629921,1016,2000
"139",6,17,1.95087936636511,1.88444812590598,0.480314960629921,1143,2000
"140",6,19,1.90836337247129,1.86373990474218,0.409448818897638,1270,2000
"141",6,21,1.82864588392037,1.78090702008697,0.47244094488189,1397,2000
"142",6,23,1.79428489747601,1.73949057775937,0.346456692913386,1524,2000
"143",6,25,1.80381434438324,1.73949057775937,0.377952755905512,1651,2000
"144",6,27,1.74168968089184,1.67736591426796,0.425196850393701,1778,2000
"145",6,29,1.72822017420565,1.67736591426796,0.401574803149606,1905,2000
"146",6,31,1.65885679623663,1.59453302961276,0.385826771653543,2032,2000
"147",6,33,1.63668250631786,1.57382480844895,0.385826771653543,2159,2000
"148",6,35,1.56988474867001,1.51170014495755,0.362204724409449,2286,2000
"149",6,37,3.01405410160233,1.36674259681093,0.409448818897638,2413,2000
"150",6,39,2.95266247248843,1.34603437564713,0.236220472440945,2540,2000
"151",6,41,2.85177861628779,1.30461793331953,0.322834645669291,2667,2000
"152",6,43,2.7448472264729,1.24249326982812,0.385826771653543,2794,2000
"153",6,45,2.66842839262065,1.22178504866432,0.291338582677165,2921,2000
"154",6,47,2.61436710728152,1.22178504866432,0.346456692913386,3048,2000
"155",6,49,2.51742331085983,2.29861254918203,0.52755905511811,3175,2000
"156",6,51,2.46088803449669,2.23648788569062,0.464566929133858,3302,2000
"157",7,1,2.38831763112621,2.15365500103541,0.566929133858268,127,2000
"158",7,3,2.3407620258872,2.13294677987161,0.582677165354331,254,2000
"159",7,5,2.32564319185171,2.11223855870781,0.480314960629921,381,2000
"160",7,7,2.25261464199528,2.0294056740526,0.464566929133858,508,2000
"161",7,9,1.98716456805033,1.84303168357838,0.606299212598425,635,2000
"162",7,11,1.94785559955801,1.80161524125078,0.535433070866142,762,2000
"163",7,13,1.8602579914492,1.76019879892317,0.480314960629921,889,2000
"164",7,15,1.74828699028915,1.63594947194036,0.425196850393701,1016,2000
"165",7,17,1.7601987989232,1.65665769310416,0.440944881889764,1143,2000
"166",7,19,1.75515918757801,1.65665769310416,0.464566929133858,1270,2000
"167",7,21,1.71392600384478,1.61524125077656,0.417322834645669,1397,2000
"168",7,23,1.69321778268097,1.59453302961276,0.417322834645669,1524,2000
"169",7,25,1.62751957659935,1.55311658728515,0.425196850393701,1651,2000
"170",7,27,1.51793093716613,1.42886726030234,0.401574803149606,1778,2000
"171",7,29,1.47898848586252,1.38745081797474,0.37007874015748,1905,2000
"172",7,31,1.41338190907808,1.32532615448333,0.377952755905512,2032,2000
"173",7,33,1.39652211839605,1.30461793331953,0.354330708661417,2159,2000
"174",7,35,1.38699267148881,1.30461793331953,0.330708661417323,2286,2000
"175",7,37,2.84967114245253,1.28390971215573,0.401574803149606,2413,2000
"176",7,39,2.75666740580979,1.22178504866432,0.346456692913386,2540,2000
"177",7,41,2.68208115790123,1.18036860633672,0.307086614173228,2667,2000
"178",7,43,2.6231635198113,1.15966038517291,0.354330708661417,2794,2000
"179",7,45,2.56452076961291,1.13895216400911,0.354330708661417,2921,2000
"180",7,47,2.46107129309106,1.15966038517291,0.433070866141732,3048,2000
"181",7,49,2.36412749666938,2.17436322219921,0.511811023622047,3175,2000
"182",7,51,2.28147787060853,2.091530337544,0.52755905511811,3302,2000
"183",8,1,2.25682958966576,2.0708221163802,0.566929133858268,127,2000
"184",8,3,2.18838250466859,2.0086974528888,0.52755905511811,254,2000
"185",8,5,2.12543317750253,1.96728101056119,0.535433070866142,381,2000
"186",8,7,2.10527473212184,1.94657278939739,0.456692913385827,508,2000
"187",8,9,2.00484902240709,1.88444812590598,0.606299212598425,635,2000
"188",8,11,1.85109506173069,1.76019879892317,0.464566929133858,762,2000
"189",8,13,1.89443571929917,1.82232346241458,0.433070866141732,889,2000
"190",8,15,1.80079057757612,1.71878235659557,0.433070866141732,1016,2000
"191",8,17,1.77137757317974,1.69807413543177,0.448818897637795,1143,2000
"192",8,19,1.72519640739853,1.63594947194036,0.417322834645669,1270,2000
"193",8,21,1.70448818623473,1.61524125077656,0.37007874015748,1397,2000
"194",8,23,1.65803213256195,1.57382480844895,0.409448818897638,1524,2000
"195",8,25,1.59975589955231,1.51170014495755,0.401574803149606,1651,2000
"196",8,27,1.62165530157952,1.53240836612135,0.362204724409449,1778,2000
"197",8,29,1.55971389668248,1.49099192379375,0.338582677165354,1905,2000
"198",8,31,1.49337428552057,1.42886726030234,0.354330708661417,2032,2000
"199",8,33,1.48696023471762,1.42886726030234,0.37007874015748,2159,2000
"200",8,35,1.46121240220864,1.40815903913854,0.440944881889764,2286,2000
"201",8,37,3.15534647786149,1.32532615448333,0.307086614173228,2413,2000
"202",8,39,3.12941538675817,1.32532615448333,0.346456692913386,2540,2000
"203",8,41,3.04859834664101,1.26320149099192,0.37007874015748,2667,2000
"204",8,43,2.94349954276991,1.22178504866432,0.31496062992126,2794,2000
"205",8,45,2.70929505916513,1.18036860633672,0.31496062992126,2921,2000
"206",8,47,2.68156192521718,1.20107682750052,0.385826771653543,3048,2000
"207",8,49,2.6167800121074,2.29861254918203,0.566929133858268,3175,2000
"208",8,51,2.56143591660769,2.23648788569062,0.574803149606299,3302,2000
"209",9,1,2.43984383924323,2.11223855870781,0.511811023622047,127,2000
"210",9,3,2.34546566314272,2.0501138952164,0.480314960629921,254,2000
"211",9,5,2.27509436290466,2.0294056740526,0.496062992125984,381,2000
"212",9,7,2.21296969941324,1.96728101056119,0.535433070866142,508,2000
"213",9,9,1.97537493181257,1.82232346241458,0.590551181102362,635,2000
"214",9,11,1.98087268964369,1.84303168357838,0.503937007874016,762,2000
"215",9,13,1.89144249559114,1.76019879892317,0.440944881889764,889,2000
"216",9,15,1.92030572420439,1.80161524125078,0.47244094488189,1016,2000
"217",9,17,1.76975878892948,1.65665769310416,0.503937007874016,1143,2000
"218",9,19,1.65723801198634,1.55311658728515,0.464566929133858,1270,2000
"219",9,21,1.61582156965874,1.51170014495755,0.448818897637795,1397,2000
"220",9,23,1.55717881946036,1.44957548146614,0.37007874015748,1524,2000
"221",9,25,1.45354608434417,1.36674259681093,0.37007874015748,1651,2000
"222",9,27,1.45098046402299,1.36674259681093,0.440944881889764,1778,2000
"223",9,29,1.4155199260124,1.32532615448333,0.283464566929134,1905,2000
"224",9,31,1.42688195886334,1.34603437564713,0.330708661417323,2032,2000
"225",9,33,1.4220561492116,1.32532615448333,0.362204724409449,2159,2000
"226",9,35,1.39444518765986,1.30461793331953,0.377952755905512,2286,2000
"227",9,37,3.02694328940633,1.28390971215573,0.338582677165354,2413,2000
"228",9,39,2.96179485910782,1.22178504866432,0.338582677165354,2540,2000
"229",9,41,2.85165644389148,1.22178504866432,0.291338582677165,2667,2000
"230",9,43,2.78540846202675,1.20107682750052,0.251968503937008,2794,2000
"231",9,45,2.63394523378002,1.13895216400911,0.338582677165354,2921,2000
"232",9,47,2.51449117334987,1.07682750051771,0.267716535433071,3048,2000
"233",9,49,2.47298310172512,2.31932077034583,0.511811023622047,3175,2000
"234",9,51,2.44604408835272,2.29861254918203,0.519685039370079,3302,2000
"235",10,1,2.40068758624616,2.25719610685442,0.47244094488189,127,2000
"236",10,3,2.32747577779539,2.21577966452682,0.503937007874016,254,2000
"237",10,5,2.300536764423,2.19507144336302,0.456692913385827,381,2000
"238",10,7,2.23273108450612,2.11223855870781,0.464566929133858,508,2000
"239",10,9,1.99006616246125,1.88444812590598,0.543307086614173,635,2000
"240",10,11,1.95054339227543,1.86373990474218,0.464566929133858,762,2000
"241",10,13,1.82849316842508,1.76019879892317,0.456692913385827,889,2000
"242",10,15,1.73044982043717,1.63594947194036,0.448818897637795,1016,2000
"243",10,17,1.66786701045983,1.59453302961276,0.425196850393701,1143,2000
"244",10,19,1.60198554578383,1.53240836612135,0.338582677165354,1270,2000
"245",10,21,1.56844922301413,1.49099192379375,0.401574803149606,1397,2000
"246",10,23,1.52584159982312,1.44957548146614,0.464566929133858,1524,2000
"247",10,25,1.43806073311992,1.36674259681093,0.346456692913386,1651,2000
"248",10,27,1.41881858071108,1.34603437564713,0.377952755905512,1778,2000
"249",10,29,1.36155026997047,1.28390971215573,0.346456692913386,1905,2000
"250",10,31,1.33277867065439,1.26320149099192,0.385826771653543,2032,2000
"251",10,33,1.2711121536489,1.20107682750052,0.401574803149606,2159,2000
"252",10,35,1.27065400716298,1.20107682750052,0.377952755905512,2286,2000
"253",10,37,2.74374767490668,1.18036860633672,0.409448818897638,2413,2000
"254",10,39,2.61271777993221,1.18036860633672,0.362204724409449,2540,2000
"255",10,41,2.58165544818649,1.15966038517291,0.275590551181102,2667,2000
"256",10,43,2.46711882670525,1.09753572168151,0.346456692913386,2794,2000
"257",10,45,2.39051673425862,1.07682750051771,0.291338582677165,2921,2000
"258",10,47,2.36403586737218,1.09753572168151,0.307086614173228,3048,2000
"259",10,49,2.26681718305894,2.0501138952164,0.496062992125984,3175,2000
"260",10,51,2.15768669011163,1.94657278939739,0.448818897637795,3302,2000
"261",11,1,2.05799401477441,1.86373990474218,0.456692913385827,127,2000
"262",11,3,2.0233581404385,1.86373990474218,0.401574803149606,254,2000
"263",11,5,1.97965096568128,1.82232346241458,0.377952755905512,381,2000
"264",11,7,1.91743467289267,1.76019879892317,0.433070866141732,508,2000
"265",11,9,1.93890647153295,1.82232346241458,0.503937007874016,635,2000
"266",11,11,1.93441663597088,1.80161524125078,0.440944881889764,762,2000
"267",11,13,1.85891409509048,1.71878235659557,0.47244094488189,889,2000
"268",11,15,1.85295819077345,1.71878235659557,0.385826771653543,1016,2000
"269",11,17,1.75638091154048,1.63594947194036,0.417322834645669,1143,2000
"270",11,19,1.72082874423271,1.61524125077656,0.393700787401575,1270,2000
"271",11,21,1.66979122570068,1.57382480844895,0.425196850393701,1397,2000
"272",11,23,1.58723322893703,1.49099192379375,0.37007874015748,1524,2000
"273",11,25,1.53934388792034,1.42886726030234,0.401574803149606,1651,2000
"274",11,27,1.49269986117737,1.38745081797474,0.377952755905512,1778,2000
"275",11,29,1.46224219426236,1.34603437564713,0.385826771653543,1905,2000
"276",11,31,1.41610983955416,1.30461793331953,0.409448818897638,2032,2000
"277",11,33,1.40694690983567,1.28390971215573,0.338582677165354,2159,2000
"278",11,35,1.40355662583983,1.30461793331953,0.31496062992126,2286,2000
"279",11,37,2.53585519158335,1.15966038517291,0.322834645669291,2413,2000
"280",11,39,2.40556019147969,1.07682750051771,0.31496062992126,2540,2000
"281",11,41,2.3082480173759,1.07682750051771,0.322834645669291,2667,2000
"282",11,43,2.30678194862095,1.07682750051771,0.307086614173228,2794,2000
"283",11,45,2.22953845109401,1.0561192793539,0.21259842519685,2921,2000
"284",11,47,2.11600789138848,1.0354110581901,0.307086614173228,3048,2000
"285",11,49,2.09685736827681,1.88444812590598,0.433070866141732,3175,2000
"286",11,51,2.02327718214395,1.82232346241458,0.433070866141732,3302,2000
"287",12,1,1.99621492003223,1.82232346241458,0.464566929133858,127,2000
"288",12,3,1.93143300692245,1.78090702008697,0.511811023622047,254,2000
"289",12,5,1.86234451684498,1.73949057775937,0.433070866141732,381,2000
"290",12,7,1.8012277756226,1.67736591426796,0.47244094488189,508,2000
"291",12,9,1.8870844270849,1.80161524125078,0.543307086614173,635,2000
"292",12,11,1.87755498017767,1.80161524125078,0.393700787401575,762,2000
"293",12,13,1.84768010830869,1.76019879892317,0.448818897637795,889,2000
"294",12,15,1.78551128266614,1.71878235659557,0.448818897637795,1016,2000
"295",12,17,1.6582381888762,1.57382480844895,0.401574803149606,1143,2000
"296",12,19,1.60665089456107,1.53240836612135,0.346456692913386,1270,2000
"297",12,21,1.61251516958091,1.53240836612135,0.401574803149606,1397,2000
"298",12,23,1.51850351066912,1.44957548146614,0.401574803149606,1524,2000
"299",12,25,1.5503905060895,1.47028370262994,0.37007874015748,1651,2000
"300",12,27,1.49944461685466,1.42886726030234,0.354330708661417,1778,2000
"301",12,29,1.44538333151553,1.36674259681093,0.377952755905512,1905,2000
"302",12,31,1.42614117910669,1.34603437564713,0.393700787401575,2032,2000
"303",12,33,1.36603236015334,1.28390971215573,0.322834645669291,2159,2000
"304",12,35,1.36603236015335,1.28390971215573,0.37007874015748,2286,2000
"305",12,37,2.71204349966305,1.22178504866432,0.338582677165354,2413,2000
"306",12,39,2.66302182566906,1.22178504866432,0.31496062992126,2540,2000
"307",12,41,2.55178385888653,1.18036860633672,0.275590551181102,2667,2000
"308",12,43,2.42286143774727,1.13895216400911,0.307086614173228,2794,2000
"309",12,45,2.31684634090424,1.07682750051771,0.283464566929134,2921,2000
"310",12,47,2.29036547401781,1.07682750051771,0.259842519685039,3048,2000
"311",12,49,2.1866411096044,1.96728101056119,0.456692913385827,3175,2000
"312",12,51,2.20066039207371,1.98798923172499,0.543307086614173,3302,2000
"313",13,1,2.09446203663631,1.88444812590598,0.47244094488189,127,2000
"314",13,3,2.03856816535348,1.84303168357838,0.47244094488189,254,2000
"315",13,5,1.9591255646941,1.76019879892317,0.448818897637795,381,2000
"316",13,7,1.88884589375322,1.67736591426796,0.440944881889764,508,2000
"317",13,9,1.95229940126265,1.78090702008697,0.511811023622047,635,2000
"318",13,11,2.01424080615968,1.88444812590598,0.393700787401575,762,2000
"319",13,13,2.01175541627575,1.90515634706979,0.401574803149606,889,2000
"320",13,15,1.85021296533864,1.73949057775937,0.417322834645669,1016,2000
"321",13,17,1.79102043935716,1.69807413543177,0.409448818897638,1143,2000
"322",13,19,1.80998770387444,1.69807413543177,0.464566929133858,1270,2000
"323",13,21,1.71359368323585,1.61524125077656,0.401574803149606,1397,2000
"324",13,23,1.63726647868078,1.53240836612135,0.417322834645669,1524,2000
"325",13,25,1.63680833219486,1.53240836612135,0.322834645669291,1651,2000
"326",13,27,1.62746214388199,1.53240836612135,0.37007874015748,1778,2000
"327",13,29,1.61471427271334,1.51170014495755,0.377952755905512,1905,2000
"328",13,31,1.58914969879874,1.49099192379375,0.417322834645669,2032,2000
"329",13,33,1.55836225494459,1.44957548146614,0.377952755905512,2159,2000
"330",13,35,1.52326823412274,1.42886726030234,0.322834645669291,2286,2000
"331",13,37,2.91638823124542,1.36674259681093,0.291338582677165,2413,2000
"332",13,39,2.60686446535461,1.24249326982812,0.354330708661417,2540,2000
"333",13,41,2.59566425873612,1.22178504866432,0.307086614173228,2667,2000
"334",13,43,2.57403974460046,1.20107682750052,0.346456692913386,2794,2000
"335",13,45,2.51997845926135,1.20107682750052,0.31496062992126,2921,2000
"336",13,47,2.42550865386364,1.15966038517291,0.338582677165354,3048,2000
"337",13,49,2.41177560386555,2.25719610685442,0.47244094488189,3175,2000
"338",13,51,2.38026647021356,2.23648788569062,0.503937007874016,3302,2000
"339",14,1,2.31099472154171,2.15365500103541,0.464566929133858,127,2000
"340",14,3,2.24383044670514,2.091530337544,0.456692913385827,254,2000
"341",14,5,2.23512566347257,2.091530337544,0.448818897637795,381,2000
"342",14,7,2.19554180708865,2.0501138952164,0.440944881889764,508,2000
"343",14,9,2.10761171552999,2.0294056740526,0.480314960629921,635,2000
"344",14,11,2.146932028602,2.091530337544,0.496062992125984,762,2000
"345",14,13,2.02973815750242,1.96728101056119,0.488188976377953,889,2000
"346",14,15,2.01755146097683,1.94657278939739,0.37007874015748,1016,2000
"347",14,17,1.92528075871157,1.86373990474218,0.385826771653543,1143,2000
"348",14,19,1.88047403238811,1.80161524125078,0.496062992125984,1270,2000
"349",14,21,1.80927806847539,1.73949057775937,0.464566929133858,1397,2000
"350",14,23,1.7958085617892,1.71878235659557,0.299212598425197,1524,2000
"351",14,25,1.74808104253549,1.67736591426796,0.417322834645669,1651,2000
"352",14,27,1.67137597621201,1.59453302961276,0.37007874015748,1778,2000
"353",14,29,1.63115071474781,1.55311658728515,0.37007874015748,1905,2000
"354",14,31,1.61282485531081,1.51170014495755,0.338582677165354,2032,2000
"355",14,33,1.56297851764219,1.47028370262994,0.299212598425197,2159,2000
"356",14,35,1.55344907073496,1.47028370262994,0.377952755905512,2286,2000
"357",14,37,3.01663193916313,1.42886726030234,0.377952755905512,2413,2000
"358",14,39,2.972661221094,1.40815903913854,0.354330708661417,2540,2000
"359",14,41,2.80067303027782,1.34603437564713,0.37007874015748,2667,2000
"360",14,43,2.75678259692622,1.34603437564713,0.291338582677165,2794,2000
"361",14,45,2.70006406196875,1.34603437564713,0.322834645669291,2921,2000
"362",14,47,2.60990083353875,1.32532615448333,0.31496062992126,3048,2000
"363",14,49,2.53714717157389,2.36073721267343,0.519685039370079,3175,2000
"364",14,51,2.44560950368614,2.27790432801822,0.566929133858268,3302,2000
"365",15,1,2.34848244867005,2.17436322219921,0.456692913385827,127,2000
"366",15,3,2.25767781515976,2.0708221163802,0.52755905511811,254,2000
"367",15,5,2.18886421297384,2.0086974528888,0.543307086614173,381,2000
"368",15,7,2.1410337198433,1.96728101056119,0.401574803149606,508,2000
"369",15,9,2.08755624402613,1.94657278939739,0.543307086614173,635,2000
"370",15,11,2.14419449426609,2.0294056740526,0.425196850393701,762,2000
"371",15,13,2.03249838099761,1.94657278939739,0.496062992125984,889,2000
"372",15,15,1.9917233437503,1.90515634706979,0.503937007874016,1016,2000
"373",15,17,1.89331347857365,1.82232346241458,0.480314960629921,1143,2000
"374",15,19,1.87342992108451,1.80161524125078,0.417322834645669,1270,2000
"375",15,21,1.84337551160784,1.78090702008697,0.354330708661417,1397,2000
"376",15,23,1.79921019036468,1.73949057775937,0.393700787401575,1524,2000
"377",15,25,1.74368283627059,1.67736591426796,0.338582677165354,1651,2000
"378",15,27,1.72920540731537,1.65665769310416,0.346456692913386,1778,2000
"379",15,29,1.74478238783681,1.67736591426796,0.31496062992126,1905,2000
"380",15,31,1.73158776904218,1.65665769310416,0.338582677165354,2032,2000
"381",15,33,1.70336594550921,1.63594947194036,0.377952755905512,2159,2000
"382",15,35,1.65993365864353,1.59453302961276,0.37007874015748,2286,2000
"383",15,37,3.20826283331589,1.59453302961276,0.31496062992126,2413,2000
"384",15,39,3.09862794290407,1.59453302961276,0.377952755905512,2540,2000
"385",15,41,2.89328668791257,1.47028370262994,0.362204724409449,2667,2000
"386",15,43,2.74383930420387,1.42886726030234,0.362204724409449,2794,2000
"387",15,45,2.61152659906879,1.34603437564713,0.338582677165354,2921,2000
"388",15,47,2.54646979806747,1.32532615448333,0.307086614173228,3048,2000
"389",15,49,2.46501135287002,2.23648788569062,0.417322834645669,3175,2000
"390",15,51,2.32967488092782,2.11223855870781,0.519685039370079,3302,2000
"391",16,1,1.77980746852082,1.61524125077656,0.456692913385827,127,2000
"392",16,3,1.22205993655592,1.09753572168151,0.377952755905512,254,2000
"393",16,5,0.907496559319906,0.766204183060675,0.330708661417323,381,2000
"394",16,7,0.633983107222764,0.559121971422655,0.259842519685039,508,2000
"395",16,9,0.541712404957512,0.517705529095051,0.291338582677165,635,2000
"396",16,11,0.47170762190819,0.434872644439843,0.196850393700787,762,2000
"397",16,13,0.396846486108074,0.331331538620832,0.188976377952756,889,2000
"398",16,15,0.404543347071612,0.372747980948437,0.102362204724409,1016,2000
"399",16,17,0.345992226170418,0.31062331745703,0.141732283464567,1143,2000
"400",16,19,0.246482809427549,0.20708221163802,0.102362204724409,1270,2000
"401",16,21,0.209006426878901,0.186373990474218,0.102362204724409,1397,2000
"402",16,23,0.0971270550160635,0.0828328846552081,0.0866141732283465,1524,2000
"403",16,25,0.0814584451974341,0.0621246634914061,0.0551181102362205,1651,2000
"404",16,27,0.0810919280086942,0.0621246634914061,0.031496062992126,1778,2000
"405",16,29,0.018325859436993,0.020708221163802,0.118110236220472,1905,2000
"406",16,31,0.0166765320876636,0.020708221163802,0.047244094488189,2032,2000
"407",16,33,0.0166765320876636,0.020708221163802,0.0393700787401575,2159,2000
"408",16,35,0.00641405080294753,0,0.031496062992126,2286,2000
"409",16,37,0.00109955156621958,0,0,2413,2000
"410",16,39,0.000916292971849647,0,0.0551181102362205,2540,2000
"411",16,41,0.000916292971849647,0,0.0236220472440945,2667,2000
"412",16,43,0.000916292971849647,0,0.015748031496063,2794,2000
"413",16,45,0.000916292971849647,0,0,2921,2000
"414",16,47,0.000916292971849647,0,0.0236220472440945,3048,2000
"415",16,49,0.000733034377479718,0,0.047244094488189,3175,2000
"416",16,51,0.000733034377479718,0,0.015748031496063,3302,2000
"417",17,1,0.000549775783109788,0,0.0236220472440945,127,2000
"418",17,3,0.000549775783109788,0,0.015748031496063,254,2000
"419",17,5,0.000366517188739859,0,0.0236220472440945,381,2000
"420",17,7,0.000183258594369929,0,0.015748031496063,508,2000
"421",17,9,0.24465022348385,0.20708221163802,0.062992125984252,635,2000
"422",17,11,0.283959191976193,0.269206875129426,0.118110236220472,762,2000
"423",17,13,0.181884154912156,0.186373990474218,0.125984251968504,889,2000
"424",17,15,0.210655754228232,0.248498653965624,0.047244094488189,1016,2000
"425",17,17,0.164474588447014,0.165665769310416,0.102362204724409,1143,2000
"426",17,19,0.152929297001708,0.144957548146614,0.047244094488189,1270,2000
"427",17,21,0.153295814190448,0.144957548146614,0.0551181102362205,1397,2000
"428",17,23,0.0831077725467636,0.0828328846552081,0.0708661417322835,1524,2000
"429",17,25,0.0343609864443615,0.020708221163802,0.0708661417322835,1651,2000
"430",17,27,0.00668893869450243,0,0.015748031496063,1778,2000
"431",17,29,0.0065056801001325,0,0.015748031496063,1905,2000
"432",17,31,0.0065056801001325,0,0.0078740157480315,2032,2000
"433",17,33,0.0065056801001325,0,0,2159,2000
"434",17,35,0.0065056801001325,0,0.015748031496063,2286,2000
"435",17,37,0,0,0.031496062992126,2413,2000
"436",17,39,0.010354110581901,0,0.015748031496063,2540,2000
"437",17,41,0.00238236172680908,0,0.0236220472440945,2667,2000
"438",17,43,0,0,0.0078740157480315,2794,2000
"439",17,45,0,0,0,2921,2000
"440",17,47,0,0,0,3048,2000
"441",17,49,0,0,0,3175,2000
"442",17,51,0,0,0,3302,2000
"443",18,1,0,0,0,127,2000
"444",18,3,0,0,0,254,2000
"445",18,5,0,0,0,381,2000
"446",18,7,0,0,0,508,2000
"447",18,9,0.104457398790861,0.0828328846552081,0.047244094488189,635,2000
"448",18,11,0.18545769750237,0.165665769310416,0.094488188976378,762,2000
"449",18,13,0.189122869389768,0.165665769310416,0.078740157480315,889,2000
"450",18,15,0.107114648409225,0.10354110581901,0.094488188976378,1016,2000
"451",18,17,0.0911711506990407,0.0828328846552081,0.102362204724409,1143,2000
"452",18,19,0.0733034377479722,0.0828328846552081,0.062992125984252,1270,2000
"453",18,21,0.0534198802588343,0.0621246634914061,0.031496062992126,1397,2000
"454",18,23,0.0373847532514653,0.0414164423276041,0.062992125984252,1524,2000
"455",18,25,0.0234571000793509,0.020708221163802,0.047244094488189,1651,2000
"456",18,27,0.023273841484981,0.020708221163802,0.0236220472440945,1778,2000
"457",18,29,0.023273841484981,0.020708221163802,0.0078740157480315,1905,2000
"458",18,31,0.00201584453806922,0,0.0236220472440945,2032,2000
"459",18,33,0,0,0.0078740157480315,2159,2000
"460",18,35,0,0,0.015748031496063,2286,2000
"461",18,37,0,0,0.0078740157480315,2413,2000
"462",18,39,0.0148439461439643,0.020708221163802,0.0078740157480315,2540,2000
"463",18,41,0.0140192824692996,0.020708221163802,0.0236220472440945,2667,2000
"464",18,43,0,0,0.0078740157480315,2794,2000
"465",18,45,0,0,0,2921,2000
"466",18,47,0,0,0,3048,2000
"467",18,49,0,0,0.015748031496063,3175,2000
"468",18,51,0,0,0.0078740157480315,3302,2000
"469",19,1,0,0,0,127,2000
"470",19,3,0,0,0.0078740157480315,254,2000
"471",19,5,0,0,0,381,2000
"472",19,7,0,0,0,508,2000
"473",19,9,0.251797308664278,0.227790432801822,0.078740157480315,635,2000
"474",19,11,0.233379819930101,0.227790432801822,0.094488188976378,762,2000
"475",19,13,0.307324662758364,0.31062331745703,0.0708661417322835,889,2000
"476",19,15,0.229439760151148,0.227790432801822,0.0866141732283465,1016,2000
"477",19,17,0.166856950173823,0.165665769310416,0.110236220472441,1143,2000
"478",19,19,0.0700964123464977,0.0621246634914061,0.078740157480315,1270,2000
"479",19,21,0.0700964123464977,0.0621246634914061,0.0393700787401575,1397,2000
"480",19,23,0.0622162927885908,0.0621246634914061,0.0393700787401575,1524,2000
"481",19,25,0.0619414048970359,0.0621246634914061,0.0078740157480315,1651,2000
"482",19,27,0.0504877427489154,0.0414164423276041,0.047244094488189,1778,2000
"483",19,29,0.0503961134517304,0.0414164423276041,0,1905,2000
"484",19,31,0.0448067263234477,0.0414164423276041,0.031496062992126,2032,2000
"485",19,33,0.0245566516455705,0.020708221163802,0.031496062992126,2159,2000
"486",19,35,0.00430657696769334,0,0.031496062992126,2286,2000
"487",19,37,0,0,0,2413,2000
"488",19,39,0.0115452914453056,0.020708221163802,0,2540,2000
"489",19,41,0,0,0.015748031496063,2667,2000
"490",19,43,0.000274887891554894,0,0,2794,2000
"491",19,45,0.000274887891554894,0,0.0078740157480315,2921,2000
"492",19,47,0.000274887891554894,0,0,3048,2000
"493",19,49,0.000274887891554894,0,0,3175,2000
"494",19,51,0.000274887891554894,0,0,3302,2000
"495",20,1,0.000274887891554894,0,0,127,2000
"496",20,3,0.000274887891554894,0,0,254,2000
"497",20,5,0,0,0.0078740157480315,381,2000
"498",20,7,0,0,0,508,2000
"499",20,9,0.112337518348768,0.10354110581901,0.0393700787401575,635,2000
"500",20,11,0.124066068388444,0.10354110581901,0.0866141732283465,762,2000
"501",20,13,0.142758445014176,0.124249326982812,0.047244094488189,889,2000
"502",20,15,0.136527652805599,0.124249326982812,0.062992125984252,1016,2000
"503",20,17,0.104457398790861,0.10354110581901,0.0708661417322835,1143,2000
"504",20,19,0.0515872943151349,0.0414164423276041,0.0866141732283465,1270,2000
"505",20,21,0.0384843048176848,0.0414164423276041,0.047244094488189,1397,2000
"506",20,23,0.0207082211638021,0.020708221163802,0.0236220472440945,1524,2000
"507",20,25,0.0207082211638021,0.020708221163802,0.015748031496063,1651,2000
"508",20,27,0,0,0.0236220472440945,1778,2000
"509",20,29,0,0,0.015748031496063,1905,2000
"510",20,31,0,0,0.0236220472440945,2032,2000
"511",20,33,0,0,0,2159,2000
"512",20,35,0,0,0.0078740157480315,2286,2000
"513",20,37,0,0,0.0078740157480315,2413,2000
"514",20,39,0,0,0.0078740157480315,2540,2000
"515",20,41,0,0,0.015748031496063,2667,2000
"516",20,43,0,0,0.0078740157480315,2794,2000
"517",20,45,0,0,0,2921,2000
"518",20,47,0,0,0,3048,2000
"519",20,49,0,0,0.0078740157480315,3175,2000
"520",20,51,0,0,0,3302,2000
"521",21,1,0,0,0,127,2000
"522",21,3,0,0,0,254,2000
"523",21,5,0,0,0,381,2000
"524",21,7,0,0,0,508,2000
"525",21,9,0.128372645356137,0.144957548146614,0.0866141732283465,635,2000
"526",21,11,0.178402241619128,0.165665769310416,0.031496062992126,762,2000
"527",21,13,0.192971299871536,0.20708221163802,0.0708661417322835,889,2000
"528",21,15,0.171896561518995,0.186373990474218,0.047244094488189,1016,2000
"529",21,17,0.0908962628074858,0.10354110581901,0.118110236220472,1143,2000
"530",21,19,0.0685387142943539,0.0828328846552081,0.094488188976378,1270,2000
"531",21,21,0.0491133032911408,0.0621246634914061,0.0866141732283465,1397,2000
"532",21,23,0.0492049325883258,0.0621246634914061,0.047244094488189,1524,2000
"533",21,25,0.0334446934725119,0.0414164423276041,0.0236220472440945,1651,2000
"534",21,27,0.0334446934725119,0.0414164423276041,0.0393700787401575,1778,2000
"535",21,29,0,0,0.0236220472440945,1905,2000
"536",21,31,0,0,0.0078740157480315,2032,2000
"537",21,33,0,0,0.015748031496063,2159,2000
"538",21,35,0,0,0.0078740157480315,2286,2000
"539",21,37,0,0,0,2413,2000
"540",21,39,0.0366517188739855,0.0414164423276041,0.015748031496063,2540,2000
"541",21,41,0.0111787742565657,0,0.015748031496063,2667,2000
"542",21,43,0.00348191329302866,0,0.0078740157480315,2794,2000
"543",21,45,0,0,0.015748031496063,2921,2000
"544",21,47,0,0,0,3048,2000
"545",21,49,0,0,0.0078740157480315,3175,2000
"546",21,51,0,0,0,3302,2000
"547",22,1,0,0,0,127,2000
"548",22,3,0,0,0,254,2000
"549",22,5,0,0,0,381,2000
"550",22,7,0,0,0,508,2000
"551",22,9,0.239610612138675,0.269206875129426,0.047244094488189,635,2000
"552",22,11,0.216886546436808,0.269206875129426,0.133858267716535,762,2000
"553",22,13,0.167040208768193,0.186373990474218,0.0866141732283465,889,2000
"554",22,15,0.14669850479313,0.165665769310416,0.094488188976378,1016,2000
"555",22,17,0.131396412163241,0.124249326982812,0.0866141732283465,1143,2000
"556",22,19,0.133320627404125,0.124249326982812,0.0551181102362205,1270,2000
"557",22,21,0.109955156621959,0.10354110581901,0.0708661417322835,1397,2000
"558",22,23,0.0426992524881933,0.0414164423276041,0.062992125984252,1524,2000
"559",22,25,0.0262976082920848,0.0414164423276041,0.031496062992126,1651,2000
"560",22,27,0.0262976082920848,0.0414164423276041,0.015748031496063,1778,2000
"561",22,29,0.0262976082920848,0.0414164423276041,0.031496062992126,1905,2000
"562",22,31,0.0189672645172877,0.020708221163802,0.015748031496063,2032,2000
"563",22,33,0.0189672645172877,0.020708221163802,0,2159,2000
"564",22,35,0.0189672645172877,0.020708221163802,0.0078740157480315,2286,2000
"565",22,37,0.020708221163802,0.020708221163802,0.0236220472440945,2413,2000
"566",22,39,0.0169514199792185,0.020708221163802,0.0078740157480315,2540,2000
"567",22,41,0.0169514199792185,0.020708221163802,0.015748031496063,2667,2000
"568",22,43,0.000549775783109788,0,0.0078740157480315,2794,2000
"569",22,45,0,0,0.015748031496063,2921,2000
"570",22,47,0,0,0.0078740157480315,3048,2000
"571",22,49,0,0,0.0236220472440945,3175,2000
"572",22,51,0,0,0.0078740157480315,3302,2000
"573",23,1,0,0,0.0078740157480315,127,2000
"574",23,3,0,0,0,254,2000
"575",23,5,0,0,0,381,2000
"576",23,7,0,0,0,508,2000
"577",23,9,0.163558295475164,0.165665769310416,0.094488188976378,635,2000
"578",23,11,0.279927502900063,0.269206875129426,0.047244094488189,762,2000
"579",23,13,0.216794917139623,0.20708221163802,0.078740157480315,889,2000
"580",23,15,0.150638564572084,0.144957548146614,0.102362204724409,1016,2000
"581",23,17,0.143674737986027,0.144957548146614,0.078740157480315,1143,2000
"582",23,19,0.124249326982813,0.124249326982812,0.047244094488189,1270,2000
"583",23,21,0.0637739908407352,0.0621246634914061,0.0866141732283465,1397,2000
"584",23,23,0.0223575485131314,0.020708221163802,0.047244094488189,1524,2000
"585",23,25,0.0223575485131314,0.020708221163802,0.0078740157480315,1651,2000
"586",23,27,0.0223575485131314,0.020708221163802,0.031496062992126,1778,2000
"587",23,29,0.0223575485131314,0.020708221163802,0.0078740157480315,1905,2000
"588",23,31,0.0207082211638021,0.020708221163802,0.0236220472440945,2032,2000
"589",23,33,0.0207082211638021,0.020708221163802,0.0078740157480315,2159,2000
"590",23,35,0,0,0.0078740157480315,2286,2000
"591",23,37,0,0,0.0078740157480315,2413,2000
"592",23,39,0.0205249625694321,0,0,2540,2000
"593",23,41,0.00907130042131152,0,0.0236220472440945,2667,2000
"594",23,43,0.00907130042131152,0,0.0078740157480315,2794,2000
"595",23,45,0,0,0.015748031496063,2921,2000
"596",23,47,0,0,0.0078740157480315,3048,2000
"597",23,49,0,0,0.015748031496063,3175,2000
"598",23,51,0,0,0.015748031496063,3302,2000
"599",24,1,0,0,0,127,2000
"600",24,3,0,0,0.0078740157480315,254,2000
"601",24,5,0,0,0.0078740157480315,381,2000
"602",24,7,0,0,0.0078740157480315,508,2000
"603",24,9,0.203783556939361,0.186373990474218,0.047244094488189,635,2000
"604",24,11,0.180509715454381,0.165665769310416,0.078740157480315,762,2000
"605",24,13,0.118843198448901,0.10354110581901,0.078740157480315,889,2000
"606",24,15,0.0828328846552087,0.0828328846552081,0.102362204724409,1016,2000
"607",24,17,0.0733034377479722,0.0828328846552081,0.0551181102362205,1143,2000
"608",24,19,0.0293213750991885,0.0414164423276041,0.062992125984252,1270,2000
"609",24,21,0.0174095664651433,0.020708221163802,0.0393700787401575,1397,2000
"610",24,23,0.0144774289552244,0.020708221163802,0.015748031496063,1524,2000
"611",24,25,0.0144774289552244,0.020708221163802,0,1651,2000
"612",24,27,0.0015576980521444,0,0.0236220472440945,1778,2000
"613",24,29,0.0015576980521444,0,0,1905,2000
"614",24,31,0,0,0.015748031496063,2032,2000
"615",24,33,0,0,0.0078740157480315,2159,2000
"616",24,35,0,0,0.0078740157480315,2286,2000
"617",24,37,0,0,0,2413,2000
"618",24,39,0.0062307922085776,0,0.0078740157480315,2540,2000
"619",24,41,0.00577264572265278,0,0.0236220472440945,2667,2000
"620",24,43,0,0,0.031496062992126,2794,2000
"621",24,45,0,0,0.015748031496063,2921,2000
"622",24,47,0,0,0.0078740157480315,3048,2000
"623",24,49,0,0,0,3175,2000
"624",24,51,0,0,0,3302,2000
"625",25,1,0,0,0.015748031496063,127,2000
"626",25,3,0,0,0.0078740157480315,254,2000
"627",25,5,0,0,0,381,2000
"628",25,7,0,0,0,508,2000
"629",25,9,0.293122121694692,0.289915096293228,0.062992125984252,635,2000
"630",25,11,0.215145589790295,0.186373990474218,0.133858267716535,762,2000
"631",25,13,0.172446337302105,0.144957548146614,0.118110236220472,889,2000
"632",25,15,0.142208669231067,0.144957548146614,0.0708661417322835,1016,2000
"633",25,17,0.0996926753372426,0.10354110581901,0.078740157480315,1143,2000
"634",25,19,0.07898445417344,0.0828328846552081,0.062992125984252,1270,2000
"635",25,21,0.0428825110825632,0.0414164423276041,0.0551181102362205,1397,2000
"636",25,23,0.032986546986587,0.020708221163802,0.0393700787401575,1524,2000
"637",25,25,0.0285883407217088,0.020708221163802,0.0236220472440945,1651,2000
"638",25,27,0.0290464872076336,0.020708221163802,0,1778,2000
"639",25,29,0.0290464872076336,0.020708221163802,0.015748031496063,1905,2000
"640",25,31,0.00412331837332341,0,0.0393700787401575,2032,2000
"641",25,33,0.00412331837332341,0,0,2159,2000
"642",25,35,0.00412331837332341,0,0.0236220472440945,2286,2000
"643",25,37,0,0,0,2413,2000
"644",25,39,0.0218077727300216,0.020708221163802,0,2540,2000
"645",25,41,0.000549775783109788,0,0.031496062992126,2667,2000
"646",25,43,0.000549775783109788,0,0.0078740157480315,2794,2000
"647",25,45,0.000549775783109788,0,0.0078740157480315,2921,2000
"648",25,47,0.000549775783109788,0,0,3048,2000
"649",25,49,0,0,0.0078740157480315,3175,2000
"650",25,51,0,0,0,3302,2000
"651",26,1,0,0,0,127,2000
"652",26,3,0,0,0,254,2000
"653",26,5,0,0,0,381,2000
"654",26,7,0,0,0,508,2000
"655",26,9,0.162642002503314,0.186373990474218,0.094488188976378,635,2000
"656",26,11,0.25866950595315,0.269206875129426,0.062992125984252,762,2000
"657",26,13,0.158518684129991,0.144957548146614,0.118110236220472,889,2000
"658",26,15,0.108672346461369,0.10354110581901,0.0866141732283465,1016,2000
"659",26,17,0.0665228697562846,0.0621246634914061,0.062992125984252,1143,2000
"660",26,19,0.0824663674664684,0.0828328846552081,0.0393700787401575,1270,2000
"661",26,21,0.0777932733100351,0.0828328846552081,0.047244094488189,1397,2000
"662",26,23,0.0525035872869846,0.0621246634914061,0.047244094488189,1524,2000
"663",26,25,0.0368349774683555,0.0414164423276041,0.031496062992126,1651,2000
"664",26,27,0.0161267563045538,0.020708221163802,0.0236220472440945,1778,2000
"665",26,29,0.0161267563045538,0.020708221163802,0.0236220472440945,1905,2000
"666",26,31,0.0161267563045538,0.020708221163802,0,2032,2000
"667",26,33,0.0161267563045538,0.020708221163802,0.015748031496063,2159,2000
"668",26,35,0.0161267563045538,0.020708221163802,0.0078740157480315,2286,2000
"669",26,37,0.0769686096353702,0.0414164423276041,0,2413,2000
"670",26,39,0.100975485497831,0.0621246634914061,0.0078740157480315,2540,2000
"671",26,41,0.096852167124508,0.0621246634914061,0.0236220472440945,2667,2000
"672",26,43,0.0327116590950322,0.0414164423276041,0.015748031496063,2794,2000
"673",26,45,0.0240985051596457,0.020708221163802,0.0078740157480315,2921,2000
"674",26,47,0.0240985051596457,0.020708221163802,0,3048,2000
"675",26,49,0.0240985051596457,0.020708221163802,0,3175,2000
"676",26,51,0.0240985051596457,0.020708221163802,0,3302,2000
"677",27,1,0.0240985051596457,0.020708221163802,0,127,2000
"678",27,3,0.0240985051596457,0.020708221163802,0,254,2000
"679",27,5,0.0240985051596457,0.020708221163802,0,381,2000
"680",27,7,0.0240985051596457,0.020708221163802,0,508,2000
"681",27,9,0.182433930695265,0.186373990474218,0.0708661417322835,635,2000
"682",27,11,0.217986098003029,0.20708221163802,0.110236220472441,762,2000
"683",27,13,0.217802839408659,0.20708221163802,0.102362204724409,889,2000
"684",27,15,0.149355754411495,0.144957548146614,0.0708661417322835,1016,2000
"685",27,17,0.16218385601739,0.144957548146614,0.0393700787401575,1143,2000
"686",27,19,0.157968908346881,0.144957548146614,0.0551181102362205,1270,2000
"687",27,21,0.124799102765924,0.124249326982812,0.031496062992126,1397,2000
"688",27,23,0.100700597606277,0.10354110581901,0.031496062992126,1524,2000
"689",27,25,0.0415997009219735,0.0414164423276041,0.0393700787401575,1651,2000
"690",27,27,0.0238236172680908,0.020708221163802,0.0393700787401575,1778,2000
"691",27,29,0,0,0.0236220472440945,1905,2000
"692",27,31,0,0,0.0236220472440945,2032,2000
"693",27,33,0,0,0.0078740157480315,2159,2000
"694",27,35,0,0,0,2286,2000
"695",27,37,0,0,0.0078740157480315,2413,2000
"696",27,39,0,0,0.015748031496063,2540,2000
"697",27,41,0,0,0.0078740157480315,2667,2000
"698",27,43,0,0,0,2794,2000
"699",27,45,0,0,0.0078740157480315,2921,2000
"700",27,47,0,0,0,3048,2000
"701",27,49,0,0,0,3175,2000
"702",27,51,0,0,0,3302,2000
