"","year","week-of-year","total-fox-density","all-fox-but-cub-density","bait-take","bait-cost","bufferwidth"
"1",1,1,1.75532327131547,1.73949057775937,0.441176470588235,544,10000
"2",1,3,1.71390682898787,1.69807413543177,0.431985294117647,1088,10000
"3",1,5,1.71390682898787,1.69807413543177,0.415441176470588,1632,10000
"4",1,7,1.69319860782407,1.67736591426796,0.402573529411765,2176,10000
"5",1,9,1.65178216549646,1.63594947194036,0.397058823529412,2720,10000
"6",1,11,1.62924135838896,1.61524125077656,0.387867647058824,3264,10000
"7",1,13,1.6137560071647,1.59453302961276,0.417279411764706,3808,10000
"8",1,15,1.58984076059942,1.55311658728515,0.426470588235294,4352,10000
"9",1,17,1.56894928084125,1.55311658728515,0.413602941176471,4896,10000
"10",1,19,1.52029412403603,1.51170014495755,0.395220588235294,5440,10000
"11",1,21,1.51690384004019,1.49099192379375,0.354779411764706,5984,10000
"12",1,23,1.48666617196915,1.47028370262994,0.387867647058824,6528,10000
"13",1,25,1.48886527510159,1.47028370262994,0.413602941176471,7072,10000
"14",1,27,1.45010608239235,1.42886726030234,0.408088235294118,7616,10000
"15",1,29,1.45742567636133,1.42886726030234,0.367647058823529,8160,10000
"16",1,31,1.40603239044638,1.40815903913854,0.386029411764706,8704,10000
"17",1,33,1.38046781653178,1.36674259681093,0.380514705882353,9248,10000
"18",1,35,1.33309546988715,1.32532615448333,0.382352941176471,9792,10000
"19",1,37,2.444484267807,1.26320149099192,0.341911764705882,10336,10000
"20",1,39,2.40834609749595,1.26320149099192,0.327205882352941,10880,10000
"21",1,41,2.25514191260268,1.18036860633672,0.306985294117647,11424,10000
"22",1,43,2.18338542310105,1.18036860633672,0.371323529411765,11968,10000
"23",1,45,2.10395357224748,1.13895216400911,0.273897058823529,12512,10000
"24",1,47,2.03916090933189,1.09753572168151,0.330882352941176,13056,10000
"25",1,49,1.99600351035778,1.86373990474218,0.490808823529412,13600,10000
"26",1,51,1.9134455135941,1.76019879892317,0.507352941176471,14144,10000
"27",2,1,1.90345792020096,1.76019879892317,0.477941176470588,544,10000
"28",2,3,1.80220754681155,1.65665769310416,0.457720588235294,1088,10000
"29",2,5,1.75217795054857,1.61524125077656,0.457720588235294,1632,10000
"30",2,7,1.73000366062981,1.59453302961276,0.431985294117647,2176,10000
"31",2,9,1.68989995312549,1.59453302961276,0.5,2720,10000
"32",2,11,1.46449188205043,1.42886726030234,0.488970588235294,3264,10000
"33",2,13,1.47512088052388,1.42886726030234,0.404411764705882,3808,10000
"34",2,15,1.43526213624842,1.38745081797474,0.404411764705882,4352,10000
"35",2,17,1.36972171134682,1.34603437564713,0.422794117647059,4896,10000
"36",2,19,1.35371206175379,1.34603437564713,0.387867647058824,5440,10000
"37",2,21,1.24769696491076,1.26320149099192,0.386029411764706,5984,10000
"38",2,23,1.15781516432704,1.15966038517291,0.369485294117647,6528,10000
"39",2,25,1.14856060531136,1.15966038517291,0.378676470588235,7072,10000
"40",2,27,1.14856060531136,1.15966038517291,0.380514705882353,7616,10000
"41",2,29,1.10476180125694,1.11824394284531,0.351102941176471,8160,10000
"42",2,31,1.10027196569488,1.11824394284531,0.345588235294118,8704,10000
"43",2,33,1.07589857264368,1.07682750051771,0.283088235294118,9248,10000
"44",2,35,1.07571531404931,1.07682750051771,0.316176470588235,9792,10000
"45",2,37,2.37225723431455,1.0354110581901,0.330882352941176,10336,10000
"46",2,39,2.23575485131325,0.952578173534893,0.305147058823529,10880,10000
"47",2,41,2.06440806557734,0.931869952371091,0.294117647058824,11424,10000
"48",2,43,1.94767234096369,0.890453510043487,0.305147058823529,11968,10000
"49",2,45,1.84944573438139,0.849037067715883,0.255514705882353,12512,10000
"50",2,47,1.74562974067083,0.807620625388279,0.264705882352941,13056,10000
"51",2,49,1.69431733424724,1.59453302961276,0.435661764705882,13600,10000
"52",2,51,1.61249237186105,1.51170014495755,0.441176470588235,14144,10000
"53",3,1,1.59636561555649,1.49099192379375,0.420955882352941,544,10000
"54",3,3,1.5535747337711,1.44957548146614,0.443014705882353,1088,10000
"55",3,5,1.49520687146427,1.36674259681093,0.398897058823529,1632,10000
"56",3,7,1.48192062337246,1.36674259681093,0.417279411764706,2176,10000
"57",3,9,1.65381718489145,1.57382480844895,0.479779411764706,2720,10000
"58",3,11,1.57345829126024,1.49099192379375,0.386029411764706,3264,10000
"59",3,13,1.51628160981683,1.44957548146614,0.422794117647059,3808,10000
"60",3,15,1.42941703608546,1.36674259681093,0.393382352941176,4352,10000
"61",3,17,1.38882525743252,1.36674259681093,0.378676470588235,4896,10000
"62",3,19,1.2956382621954,1.28390971215573,0.382352941176471,5440,10000
"63",3,21,1.24258489912531,1.22178504866432,0.341911764705882,5984,10000
"64",3,23,1.22755769438697,1.22178504866432,0.319852941176471,6528,10000
"65",3,25,1.21234723105427,1.20107682750052,0.338235294117647,7072,10000
"66",3,27,1.19521255248068,1.18036860633672,0.292279411764706,7616,10000
"67",3,29,1.12960597569625,1.11824394284531,0.308823529411765,8160,10000
"68",3,31,1.10156741075764,1.09753572168151,0.299632352941176,8704,10000
"69",3,33,1.09936830762521,1.07682750051771,0.327205882352941,9248,10000
"70",3,35,1.02927189527871,1.0147028370263,0.286764705882353,9792,10000
"71",3,37,2.56131374421148,1.0354110581901,0.301470588235294,10336,10000
"72",3,39,2.49488250375238,1.0147028370263,0.28125,10880,10000
"73",3,41,2.44998414813177,1.0147028370263,0.264705882352941,11424,10000
"74",3,43,2.42258698827346,0.993994615862497,0.262867647058824,11968,10000
"75",3,45,2.2832188272551,0.973286394698695,0.237132352941176,12512,10000
"76",3,47,2.23942002320067,0.952578173534893,0.259191176470588,13056,10000
"77",3,49,2.16859057647668,2.0501138952164,0.477941176470588,13600,10000
"78",3,51,2.11269670519384,2.0086974528888,0.431985294117647,14144,10000
"79",4,1,2.00988863375231,1.92586456823359,0.465073529411765,544,10000
"80",4,3,1.96297443359359,1.88444812590598,0.483455882352941,1088,10000
"81",4,5,1.96260791640485,1.88444812590598,0.408088235294118,1632,10000
"82",4,7,1.94803885815244,1.88444812590598,0.4375,2176,10000
"83",4,9,1.80161524125081,1.78090702008697,0.448529411764706,2720,10000
"84",4,11,1.89635993454007,1.84303168357838,0.4375,3264,10000
"85",4,13,1.77348504701503,1.71878235659557,0.40625,3808,10000
"86",4,15,1.77760836538833,1.71878235659557,0.389705882352941,4352,10000
"87",4,17,1.76899521145295,1.71878235659557,0.384191176470588,4896,10000
"88",4,19,1.70494633272065,1.65665769310416,0.393382352941176,5440,10000
"89",4,21,1.67250956151717,1.61524125077656,0.360294117647059,5984,10000
"90",4,23,1.55998878457403,1.51170014495755,0.358455882352941,6528,10000
"91",4,25,1.51857234224643,1.47028370262994,0.321691176470588,7072,10000
"92",4,27,1.47972152024,1.42886726030234,0.347426470588235,7616,10000
"93",4,29,1.45699745453812,1.42886726030234,0.347426470588235,8160,10000
"94",4,31,1.42575186419805,1.40815903913854,0.318014705882353,8704,10000
"95",4,33,1.3584043307671,1.34603437564713,0.319852941176471,9248,10000
"96",4,35,1.32340193924244,1.30461793331953,0.341911764705882,9792,10000
"97",4,37,2.91161254734955,1.28390971215573,0.310661764705882,10336,10000
"98",4,39,2.80834632942211,1.22178504866432,0.334558823529412,10880,10000
"99",4,41,2.71323511894409,1.18036860633672,0.318014705882353,11424,10000
"100",4,43,2.64020656908767,1.13895216400911,0.295955882352941,11968,10000
"101",4,45,2.49836441704533,1.11824394284531,0.266544117647059,12512,10000
"102",4,47,2.42808474610448,1.11824394284531,0.310661764705882,13056,10000
"103",4,49,2.30520985857945,2.29861254918203,0.488970588235294,13600,10000
"104",4,51,2.26736695884207,2.25719610685442,0.455882352941176,14144,10000
"105",5,1,2.26177757171378,2.25719610685442,0.454044117647059,544,10000
"106",5,3,2.20844932075213,2.21577966452682,0.441176470588235,1088,10000
"107",5,5,2.14714932093537,2.15365500103541,0.431985294117647,1632,10000
"108",5,7,2.08456651095806,2.0708221163802,0.457720588235294,2176,10000
"109",5,9,1.95106262495948,1.94657278939739,0.485294117647059,2720,10000
"110",5,11,1.92668923190829,1.90515634706979,0.4375,3264,10000
"111",5,13,1.94025036789167,1.90515634706979,0.452205882352941,3808,10000
"112",5,15,1.81966621279624,1.78090702008697,0.443014705882353,4352,10000
"113",5,17,1.70851987531086,1.67736591426796,0.398897058823529,4896,10000
"114",5,19,1.67370074238056,1.63594947194036,0.360294117647059,5440,10000
"115",5,21,1.65115993527307,1.61524125077656,0.387867647058824,5984,10000
"116",5,23,1.60974349294547,1.57382480844895,0.369485294117647,6528,10000
"117",5,25,1.53195021963543,1.49099192379375,0.378676470588235,7072,10000
"118",5,27,1.48613557104294,1.44957548146614,0.345588235294118,7616,10000
"119",5,29,1.46854274598343,1.42886726030234,0.369485294117647,8160,10000
"120",5,31,1.46982555614402,1.42886726030234,0.338235294117647,8704,10000
"121",5,33,1.44911733498022,1.40815903913854,0.329044117647059,9248,10000
"122",5,35,1.40586830670891,1.36674259681093,0.351102941176471,9792,10000
"123",5,37,2.73275215924449,1.28390971215573,0.352941176470588,10336,10000
"124",5,39,2.60951075453073,1.24249326982812,0.321691176470588,10880,10000
"125",5,41,2.49112570256774,1.18036860633672,0.332720588235294,11424,10000
"126",5,43,2.45117532899508,1.18036860633672,0.325367647058824,11968,10000
"127",5,45,2.40948399877595,1.18036860633672,0.299632352941176,12512,10000
"128",5,47,2.35157428295504,1.15966038517291,0.272058823529412,13056,10000
"129",5,49,2.26681718305895,2.0708221163802,0.485294117647059,13600,10000
"130",5,51,2.19662914141526,2.0086974528888,0.516544117647059,14144,10000
"131",6,1,2.18673317731928,2.0086974528888,0.450367647058824,544,10000
"132",6,3,2.1060077664993,1.92586456823359,0.444852941176471,1088,10000
"133",6,5,2.05625305812786,1.90515634706979,0.459558823529412,1632,10000
"134",6,7,2.00045081614221,1.86373990474218,0.459558823529412,2176,10000
"135",6,9,1.87565171337628,1.76019879892317,0.511029411764706,2720,10000
"136",6,11,1.93649356670707,1.86373990474218,0.441176470588235,3264,10000
"137",6,13,1.87198654148886,1.84303168357838,0.433823529411765,3808,10000
"138",6,15,1.8192996956075,1.80161524125078,0.424632352941176,4352,10000
"139",6,17,1.69120193814291,1.69807413543177,0.402573529411765,4896,10000
"140",6,19,1.60952901997513,1.61524125077656,0.380514705882353,5440,10000
"141",6,21,1.60279819250146,1.61524125077656,0.384191176470588,5984,10000
"142",6,23,1.51200092808526,1.53240836612135,0.340073529411765,6528,10000
"143",6,25,1.49926445577656,1.51170014495755,0.354779411764706,7072,10000
"144",6,27,1.48277118228326,1.51170014495755,0.363970588235294,7616,10000
"145",6,29,1.46884352911115,1.49099192379375,0.305147058823529,8160,10000
"146",6,31,1.41105830961794,1.42886726030234,0.351102941176471,8704,10000
"147",6,33,1.36401961313155,1.38745081797474,0.349264705882353,9248,10000
"148",6,35,1.34166206461841,1.36674259681093,0.341911764705882,9792,10000
"149",6,37,2.88988246032805,1.32532615448333,0.336397058823529,10336,10000
"150",6,39,2.81795346203784,1.34603437564713,0.349264705882353,10880,10000
"151",6,41,2.70277491128126,1.32532615448333,0.316176470588235,11424,10000
"152",6,43,2.66005973696069,1.30461793331953,0.327205882352941,11968,10000
"153",6,45,2.59894299573834,1.30461793331953,0.299632352941176,12512,10000
"154",6,47,2.47249456562306,1.22178504866432,0.318014705882353,13056,10000
"155",6,49,2.38883701729318,2.58852764547525,0.509191176470588,13600,10000
"156",6,51,2.35896586641087,2.54711120314765,0.457720588235294,14144,10000
"157",7,1,2.3379827573555,2.52640298198385,0.474264705882353,544,10000
"158",7,3,2.23032339809919,2.40215365500104,0.4375,1088,10000
"159",7,5,2.15381293494973,2.29861254918203,0.461397058823529,1632,10000
"160",7,7,2.12595762860551,2.27790432801822,0.477941176470588,2176,10000
"161",7,9,2.16682936008598,2.27790432801822,0.492647058823529,2720,10000
"162",7,11,1.96827373802219,2.0501138952164,0.450367647058824,3264,10000
"163",7,13,1.95115425425666,1.98798923172499,0.443014705882353,3808,10000
"164",7,15,1.89480223648791,1.94657278939739,0.415441176470588,4352,10000
"165",7,17,1.8100451365918,1.86373990474218,0.400735294117647,4896,10000
"166",7,19,1.73701658673537,1.78090702008697,0.411764705882353,5440,10000
"167",7,21,1.72391359723793,1.76019879892317,0.400735294117647,5984,10000
"168",7,23,1.70998594406581,1.73949057775937,0.386029411764706,6528,10000
"169",7,25,1.68927772290201,1.71878235659557,0.341911764705882,7072,10000
"170",7,27,1.65134319386743,1.67736591426796,0.362132352941176,7616,10000
"171",7,29,1.55824782792751,1.59453302961276,0.360294117647059,8160,10000
"172",7,31,1.55824782792751,1.59453302961276,0.352941176470588,8704,10000
"173",7,33,1.5016209222672,1.53240836612135,0.321691176470588,9248,10000
"174",7,35,1.4754149432723,1.51170014495755,0.336397058823529,9792,10000
"175",7,37,2.71277697245818,1.42886726030234,0.323529411764706,10336,10000
"176",7,39,2.66063990235993,1.40815903913854,0.301470588235294,10880,10000
"177",7,41,2.47344124821104,1.30461793331953,0.297794117647059,11424,10000
"178",7,43,2.4064366941677,1.28390971215573,0.275735294117647,11968,10000
"179",7,45,2.32122144778571,1.22178504866432,0.294117647058824,12512,10000
"180",7,47,2.23583471170988,1.15966038517291,0.284926470588235,13056,10000
"181",7,49,2.13496262440976,2.25719610685442,0.485294117647059,13600,10000
"182",7,51,2.06503770175708,2.19507144336302,0.472426470588235,14144,10000
"183",8,1,1.99448314292464,2.13294677987161,0.457720588235294,544,10000
"184",8,3,1.91238329264691,2.0501138952164,0.411764705882353,1088,10000
"185",8,5,1.87115010891368,2.0086974528888,0.454044117647059,1632,10000
"186",8,7,1.80242813602494,1.94657278939739,0.46875,2176,10000
"187",8,9,1.66616360221033,1.78090702008697,0.5,2720,10000
"188",8,11,1.61952428994317,1.69807413543177,0.443014705882353,3264,10000
"189",8,13,1.68705508196848,1.76019879892317,0.450367647058824,3808,10000
"190",8,15,1.65590112092559,1.71878235659557,0.419117647058824,4352,10000
"191",8,17,1.58562144998472,1.61524125077656,0.413602941176471,4896,10000
"192",8,19,1.59826629299624,1.63594947194036,0.417279411764706,5440,10000
"193",8,21,1.51269629832603,1.55311658728515,0.404411764705882,5984,10000
"194",8,23,1.49472518717722,1.53240836612135,0.391544117647059,6528,10000
"195",8,25,1.45019334874532,1.47028370262994,0.384191176470588,7072,10000
"196",8,27,1.38137974655941,1.40815903913854,0.334558823529412,7616,10000
"197",8,29,1.34866808746438,1.38745081797474,0.371323529411765,8160,10000
"198",8,31,1.36818512776478,1.40815903913854,0.338235294117647,8704,10000
"199",8,33,1.2955230950971,1.34603437564713,0.349264705882353,9248,10000
"200",8,35,1.26950037469657,1.32532615448333,0.34375,9792,10000
"201",8,37,2.79289376299219,1.30461793331953,0.319852941176471,10336,10000
"202",8,39,2.70868643887921,1.28390971215573,0.305147058823529,10880,10000
"203",8,41,2.63694069918338,1.26320149099192,0.290441176470588,11424,10000
"204",8,43,2.55658180555217,1.22178504866432,0.330882352941176,11968,10000
"205",8,45,2.4601877849136,1.18036860633672,0.306985294117647,12512,10000
"206",8,47,2.40685953395198,1.15966038517291,0.303308823529412,13056,10000
"207",8,49,2.30615893634568,2.48498653965624,0.470588235294118,13600,10000
"208",8,51,2.18676596211368,2.34002899150963,0.488970588235294,14144,10000
"209",9,1,2.15982694874129,2.31932077034583,0.485294117647059,544,10000
"210",9,3,2.12519107440538,2.27790432801822,0.472426470588235,1088,10000
"211",9,5,1.99965893726197,2.13294677987161,0.446691176470588,1632,10000
"212",9,7,1.94449810035661,2.091530337544,0.487132352941176,2176,10000
"213",9,9,1.80644805620049,1.86373990474218,0.53125,2720,10000
"214",9,11,1.82266644180225,1.88444812590598,0.505514705882353,3264,10000
"215",9,13,1.80791412495545,1.86373990474218,0.457720588235294,3808,10000
"216",9,15,1.75660171853185,1.80161524125078,0.415441176470588,4352,10000
"217",9,17,1.71885044809165,1.76019879892317,0.397058823529412,4896,10000
"218",9,19,1.64499723456055,1.69807413543177,0.382352941176471,5440,10000
"219",9,21,1.56482159952371,1.61524125077656,0.420955882352941,5984,10000
"220",9,23,1.50397974619289,1.55311658728515,0.389705882352941,6528,10000
"221",9,25,1.50562907354222,1.55311658728515,0.384191176470588,7072,10000
"222",9,27,1.47978961173606,1.53240836612135,0.395220588235294,7616,10000
"223",9,29,1.40923505290363,1.44957548146614,0.367647058823529,8160,10000
"224",9,31,1.40923505290363,1.44957548146614,0.330882352941176,8704,10000
"225",9,33,1.35425747459265,1.38745081797474,0.341911764705882,9248,10000
"226",9,35,1.33730605461343,1.36674259681093,0.308823529411765,9792,10000
"227",9,37,2.56915855706765,1.32532615448333,0.332720588235294,10336,10000
"228",9,39,2.52050340026244,1.30461793331953,0.28125,10880,10000
"229",9,41,2.49695467088586,1.30461793331953,0.284926470588235,11424,10000
"230",9,43,2.38727440215546,1.26320149099192,0.279411764705882,11968,10000
"231",9,45,2.31809428278082,1.26320149099192,0.325367647058824,12512,10000
"232",9,47,2.22362447738314,1.18036860633672,0.292279411764706,13056,10000
"233",9,49,2.14244092007725,2.17436322219921,0.452205882352941,13600,10000
"234",9,51,2.07344405929696,2.11223855870781,0.474264705882353,14144,10000
"235",10,1,2.04448920138651,2.091530337544,0.433823529411765,544,10000
"236",10,3,2.01214405948022,2.0501138952164,0.452205882352941,1088,10000
"237",10,5,1.91776588337971,1.96728101056119,0.444852941176471,1632,10000
"238",10,7,1.89183479227636,1.94657278939739,0.4375,2176,10000
"239",10,9,1.98071521054573,2.0708221163802,0.490808823529412,2720,10000
"240",10,11,1.99968247506301,2.0708221163802,0.446691176470588,3264,10000
"241",10,13,1.94268905221397,2.0294056740526,0.422794117647059,3808,10000
"242",10,15,1.81486618264094,1.88444812590598,0.387867647058824,4352,10000
"243",10,17,1.82833568932713,1.90515634706979,0.378676470588235,4896,10000
"244",10,19,1.80286274470971,1.88444812590598,0.362132352941176,5440,10000
"245",10,21,1.76813524107661,1.84303168357838,0.330882352941176,5984,10000
"246",10,23,1.74202089137889,1.82232346241458,0.356617647058824,6528,10000
"247",10,25,1.67503987513669,1.73949057775937,0.341911764705882,7072,10000
"248",10,27,1.5853347931926,1.65665769310416,0.330882352941176,7616,10000
"249",10,29,1.53099861996191,1.59453302961276,0.340073529411765,8160,10000
"250",10,31,1.50598382183041,1.57382480844895,0.378676470588235,8704,10000
"251",10,33,1.4859170057469,1.55311658728515,0.3125,9248,10000
"252",10,35,1.4859170057469,1.55311658728515,0.325367647058824,9792,10000
"253",10,37,3.07665792747347,1.47028370262994,0.295955882352941,10336,10000
"254",10,39,2.95185882470756,1.40815903913854,0.319852941176471,10880,10000
"255",10,41,2.89506042935343,1.36674259681093,0.316176470588235,11424,10000
"256",10,43,2.80141528763038,1.28390971215573,0.301470588235294,11968,10000
"257",10,45,2.67753247783632,1.24249326982812,0.286764705882353,12512,10000
"258",10,47,2.53837111321345,1.18036860633672,0.246323529411765,13056,10000
"259",10,49,2.49181166134295,2.56781942431145,0.511029411764706,13600,10000
"260",10,51,2.37965740158856,2.46427831849244,0.459558823529412,14144,10000
"261",11,1,2.34218101903991,2.44357009732864,0.454044117647059,544,10000
"262",11,3,2.25091823904368,2.31932077034583,0.481617647058824,1088,10000
"263",11,5,2.18247115404653,2.25719610685442,0.430147058823529,1632,10000
"264",11,7,2.11338266396906,2.19507144336302,0.450367647058824,2176,10000
"265",11,9,1.78765228137702,1.84303168357838,0.505514705882353,2720,10000
"266",11,11,1.70244880389558,1.73949057775937,0.455882352941176,3264,10000
"267",11,13,1.55959872958423,1.59453302961276,0.424632352941176,3808,10000
"268",11,15,1.52981920799909,1.55311658728515,0.419117647058824,4352,10000
"269",11,17,1.5090193575381,1.53240836612135,0.408088235294118,4896,10000
"270",11,19,1.5090193575381,1.53240836612135,0.356617647058824,5440,10000
"271",11,21,1.45202593468905,1.47028370262994,0.397058823529412,5984,10000
"272",11,23,1.32099603971453,1.34603437564713,0.334558823529412,6528,10000
"273",11,25,1.27344043447554,1.30461793331953,0.380514705882353,7072,10000
"274",11,27,1.27344043447554,1.30461793331953,0.362132352941176,7616,10000
"275",11,29,1.22341083821255,1.24249326982812,0.332720588235294,8160,10000
"276",11,31,1.20334402212904,1.22178504866432,0.356617647058824,8704,10000
"277",11,33,1.21314835692783,1.24249326982812,0.336397058823529,9248,10000
"278",11,35,1.17173191460023,1.20107682750052,0.336397058823529,9792,10000
"279",11,37,2.24687478106702,1.18036860633672,0.299632352941176,10336,10000
"280",11,39,2.15918554366099,1.18036860633672,0.332720588235294,10880,10000
"281",11,41,2.08872261412576,1.13895216400911,0.294117647058824,11424,10000
"282",11,43,2.00295759196061,1.09753572168151,0.323529411764706,11968,10000
"283",11,45,1.96144952033584,1.0561192793539,0.290441176470588,12512,10000
"284",11,47,1.8835646177286,1.0354110581901,0.273897058823529,13056,10000
"285",11,49,1.79944892291281,1.80161524125078,0.466911764705882,13600,10000
"286",11,51,1.70580378118975,1.73949057775937,0.465073529411765,14144,10000
"287",12,1,1.71368390074766,1.73949057775937,0.465073529411765,544,10000
"288",12,3,1.61968401073646,1.63594947194036,0.441176470588235,1088,10000
"289",12,5,1.50945396622293,1.53240836612135,0.422794117647059,1632,10000
"290",12,7,1.47582601415605,1.47028370262994,0.450367647058824,2176,10000
"291",12,9,1.51973998530873,1.53240836612135,0.503676470588235,2720,10000
"292",12,11,1.49582473874345,1.51170014495755,0.452205882352941,3264,10000
"293",12,13,1.44625328896639,1.47028370262994,0.435661764705882,3808,10000
"294",12,15,1.46320470894559,1.49099192379375,0.413602941176471,4352,10000
"295",12,17,1.41546584511223,1.44957548146614,0.386029411764706,4896,10000
"296",12,19,1.35554028475324,1.38745081797474,0.400735294117647,5440,10000
"297",12,21,1.36232085274494,1.38745081797474,0.373161764705882,5984,10000
"298",12,23,1.32209559128074,1.34603437564713,0.382352941176471,6528,10000
"299",12,25,1.25713041957659,1.28390971215573,0.371323529411765,7072,10000
"300",12,27,1.21039947801226,1.24249326982812,0.356617647058824,7616,10000
"301",12,29,1.23110769917606,1.26320149099192,0.351102941176471,8160,10000
"302",12,31,1.23110769917606,1.26320149099192,0.347426470588235,8704,10000
"303",12,33,1.19390620451896,1.22178504866432,0.318014705882353,9248,10000
"304",12,35,1.14158587582635,1.18036860633672,0.334558823529412,9792,10000
"305",12,37,2.47885662373823,1.15966038517291,0.358455882352941,10336,10000
"306",12,39,2.39153390352095,1.11824394284531,0.341911764705882,10880,10000
"307",12,41,2.32877960384979,1.09753572168151,0.360294117647059,11424,10000
"308",12,43,2.23496297243295,1.0561192793539,0.314338235294118,11968,10000
"309",12,45,2.10374981886407,1.0354110581901,0.323529411764706,12512,10000
"310",12,47,2.07352391969359,1.07682750051771,0.303308823529412,13056,10000
"311",12,49,1.9788681418683,2.091530337544,0.461397058823529,13600,10000
"312",12,51,1.8751437774549,1.94657278939739,0.474264705882353,14144,10000
"313",13,1,1.84709475255085,1.90515634706979,0.433823529411765,544,10000
"314",13,3,1.75052793328336,1.82232346241458,0.46875,1088,10000
"315",13,5,1.68565439087639,1.76019879892317,0.433823529411765,1632,10000
"316",13,7,1.63388383796691,1.69807413543177,0.466911764705882,2176,10000
"317",13,9,1.62185948010478,1.67736591426796,0.518382352941177,2720,10000
"318",13,11,1.56404139358106,1.61524125077656,0.417279411764706,3264,10000
"319",13,13,1.5124540992659,1.59453302961276,0.402573529411765,3808,10000
"320",13,15,1.48148339681737,1.57382480844895,0.446691176470588,4352,10000
"321",13,17,1.44528982442931,1.53240836612135,0.422794117647059,4896,10000
"322",13,19,1.39562674535506,1.47028370262994,0.424632352941176,5440,10000
"323",13,21,1.39709281411001,1.47028370262994,0.367647058823529,5984,10000
"324",13,23,1.36969565425171,1.44957548146614,0.349264705882353,6528,10000
"325",13,25,1.33780865883134,1.40815903913854,0.400735294117647,7072,10000
"326",13,27,1.36969565425171,1.44957548146614,0.393382352941176,7616,10000
"327",13,29,1.34898743308791,1.42886726030234,0.375,8160,10000
"328",13,31,1.29318519110226,1.36674259681093,0.369485294117647,8704,10000
"329",13,33,1.26487173827211,1.34603437564713,0.371323529411765,9248,10000
"330",13,35,1.26358892811152,1.34603437564713,0.332720588235294,9792,10000
"331",13,37,2.96208188055926,1.28390971215573,0.351102941176471,10336,10000
"332",13,39,2.93541775507844,1.28390971215573,0.330882352941176,10880,10000
"333",13,41,2.79915453019899,1.26320149099192,0.295955882352941,11424,10000
"334",13,43,2.7157718697607,1.24249326982812,0.305147058823529,11968,10000
"335",13,45,2.64494242303672,1.22178504866432,0.314338235294118,12512,10000
"336",13,47,2.55578711687574,1.18036860633672,0.314338235294118,13056,10000
"337",13,49,2.42109205001384,2.67136053013046,0.522058823529412,13600,10000
"338",13,51,2.32927949423449,2.56781942431145,0.511029411764706,14144,10000
"339",14,1,2.24452239433838,2.48498653965624,0.490808823529412,544,10000
"340",14,3,2.22445557825489,2.46427831849244,0.472426470588235,1088,10000
"341",14,5,2.18542149765409,2.42286187616484,0.516544117647059,1632,10000
"342",14,7,2.11789070562877,2.34002899150963,0.448529411764706,2176,10000
"343",14,9,2.01798339180079,2.19507144336302,0.485294117647059,2720,10000
"344",14,11,1.90343631035416,2.0294056740526,0.448529411764706,3264,10000
"345",14,13,1.77011568295003,1.88444812590598,0.457720588235294,3808,10000
"346",14,15,1.66813227518317,1.78090702008697,0.400735294117647,4352,10000
"347",14,17,1.58759012295759,1.65665769310416,0.393382352941176,4896,10000
"348",14,19,1.599685190186,1.65665769310416,0.426470588235294,5440,10000
"349",14,21,1.52546545946618,1.59453302961276,0.34375,5984,10000
"350",14,23,1.51685230553079,1.57382480844895,0.367647058823529,6528,10000
"351",14,25,1.4686552952115,1.53240836612135,0.332720588235294,7072,10000
"352",14,27,1.46233287370573,1.53240836612135,0.376838235294118,7616,10000
"353",14,29,1.46233287370573,1.53240836612135,0.369485294117647,8160,10000
"354",14,31,1.37949998905052,1.44957548146614,0.363970588235294,8704,10000
"355",14,33,1.36896261987425,1.44957548146614,0.352941176470588,9248,10000
"356",14,35,1.37125335230388,1.44957548146614,0.334558823529412,9792,10000
"357",14,37,2.67802059932049,1.36674259681093,0.323529411764706,10336,10000
"358",14,39,2.6334887608886,1.32532615448333,0.330882352941176,10880,10000
"359",14,41,2.55157216920522,1.30461793331953,0.332720588235294,11424,10000
"360",14,43,2.39332837296679,1.20107682750052,0.299632352941176,11968,10000
"361",14,45,2.27025976688193,1.20107682750052,0.297794117647059,12512,10000
"362",14,47,2.24625289101947,1.20107682750052,0.292279411764706,13056,10000
"363",14,49,2.16094601534027,2.34002899150963,0.501838235294118,13600,10000
"364",14,51,2.15269937859361,2.34002899150963,0.477941176470588,14144,10000
"365",15,1,2.09039145650784,2.27790432801822,0.477941176470588,544,10000
"366",15,3,2.07014138182995,2.23648788569062,0.481617647058824,1088,10000
"367",15,5,2.00819997693292,2.17436322219921,0.426470588235294,1632,10000
"368",15,7,1.93002972646872,2.0501138952164,0.461397058823529,2176,10000
"369",15,9,1.80044498031824,1.92586456823359,0.496323529411765,2720,10000
"370",15,11,1.74282061235436,1.82232346241458,0.426470588235294,3264,10000
"371",15,13,1.68674348247717,1.78090702008697,0.398897058823529,3808,10000
"372",15,15,1.69663944657314,1.82232346241458,0.393382352941176,4352,10000
"373",15,17,1.62524976410061,1.73949057775937,0.362132352941176,4896,10000
"374",15,19,1.6252497641006,1.73949057775937,0.404411764705882,5440,10000
"375",15,21,1.59592838900141,1.69807413543177,0.382352941176471,5984,10000
"376",15,23,1.59592838900141,1.69807413543177,0.334558823529412,6528,10000
"377",15,25,1.55423705878225,1.65665769310416,0.356617647058824,7072,10000
"378",15,27,1.43704318768267,1.53240836612135,0.369485294117647,7616,10000
"379",15,29,1.38353167812664,1.47028370262994,0.363970588235294,8160,10000
"380",15,31,1.38307353164072,1.49099192379375,0.362132352941176,8704,10000
"381",15,33,1.36163227609944,1.47028370262994,0.375,9248,10000
"382",15,35,1.33945798618067,1.44957548146614,0.341911764705882,9792,10000
"383",15,37,2.48851029281112,1.40815903913854,0.334558823529412,10336,10000
"384",15,39,2.45735633176822,1.38745081797474,0.294117647058824,10880,10000
"385",15,41,2.38725991942172,1.40815903913854,0.334558823529412,11424,10000
"386",15,43,2.31395648167376,1.36674259681093,0.297794117647059,11968,10000
"387",15,45,2.19181462852618,1.34603437564713,0.299632352941176,12512,10000
"388",15,47,2.17312225190045,1.30461793331953,0.286764705882353,13056,10000
"389",15,49,2.11154736419214,2.27790432801822,0.503676470588235,13600,10000
"390",15,51,2.05611163939522,2.23648788569062,0.450367647058824,14144,10000
"391",16,1,1.50276231369516,1.63594947194036,0.435661764705882,544,10000
"392",16,3,1.15832778557688,1.26320149099192,0.34375,1088,10000
"393",16,5,0.858231377330687,0.931869952371091,0.28125,1632,10000
"394",16,7,0.616319572796924,0.662663077241665,0.253676470588235,2176,10000
"395",16,9,0.530167113512196,0.579830192586457,0.202205882352941,2720,10000
"396",16,11,0.505976979055365,0.538413750258853,0.165441176470588,3264,10000
"397",16,13,0.382460686450033,0.414164423276041,0.158088235294118,3808,10000
"398",16,15,0.167131838065378,0.186373990474218,0.126838235294118,4352,10000
"399",16,17,0.127273093789918,0.124249326982812,0.09375,4896,10000
"400",16,19,0.0559855005800134,0.0414164423276041,0.09375,5440,10000
"401",16,21,0.0352772794162111,0.020708221163802,0.0680147058823529,5984,10000
"402",16,23,0.0352772794162111,0.020708221163802,0.0367647058823529,6528,10000
"403",16,25,0.0348191329302863,0.020708221163802,0.0294117647058824,7072,10000
"404",16,27,0.0222659192159464,0.020708221163802,0.0202205882352941,7616,10000
"405",16,29,0.0184174887341779,0.020708221163802,0.0238970588235294,8160,10000
"406",16,31,0.0184174887341779,0.020708221163802,0.0202205882352941,8704,10000
"407",16,33,0.0184174887341779,0.020708221163802,0.0147058823529412,9248,10000
"408",16,35,0.0184174887341779,0.020708221163802,0.0165441176470588,9792,10000
"409",16,37,0.020708221163802,0.020708221163802,0.0165441176470588,10336,10000
"410",16,39,0.00293213750991887,0,0.00919117647058824,10880,10000
"411",16,41,0.00293213750991887,0,0.0147058823529412,11424,10000
"412",16,43,0.00293213750991887,0,0.00919117647058824,11968,10000
"413",16,45,0,0,0.0165441176470588,12512,10000
"414",16,47,0,0,0.00735294117647059,13056,10000
"415",16,49,0,0,0.00919117647058824,13600,10000
"416",16,51,0,0,0.00367647058823529,14144,10000
"417",17,1,0,0,0.00735294117647059,544,10000
"418",17,3,0,0,0.00183823529411765,1088,10000
"419",17,5,0,0,0.00735294117647059,1632,10000
"420",17,7,0,0,0.00183823529411765,2176,10000
"421",17,9,0.0428825110825631,0.0414164423276041,0.0349264705882353,2720,10000
"422",17,11,0.0589176380899323,0.0621246634914061,0.0533088235294118,3264,10000
"423",17,13,0.0428825110825631,0.0414164423276041,0.0661764705882353,3808,10000
"424",17,15,0.0215328848384667,0.020708221163802,0.0441176470588235,4352,10000
"425",17,17,0.000824663674664682,0,0.0514705882352941,4896,10000
"426",17,19,0.000824663674664682,0,0.0349264705882353,5440,10000
"427",17,21,0,0,0.0220588235294118,5984,10000
"428",17,23,0,0,0.0165441176470588,6528,10000
"429",17,25,0,0,0.0183823529411765,7072,10000
"430",17,27,0,0,0.00551470588235294,7616,10000
"431",17,29,0,0,0.0128676470588235,8160,10000
"432",17,31,0,0,0.00735294117647059,8704,10000
"433",17,33,0,0,0.00183823529411765,9248,10000
"434",17,35,0,0,0.00367647058823529,9792,10000
"435",17,37,0,0,0.00551470588235294,10336,10000
"436",17,39,0,0,0,10880,10000
"437",17,41,0,0,0.00919117647058824,11424,10000
"438",17,43,0,0,0.00367647058823529,11968,10000
"439",17,45,0,0,0.00551470588235294,12512,10000
"440",17,47,0,0,0,13056,10000
"441",17,49,0,0,0.00367647058823529,13600,10000
"442",17,51,0,0,0.00367647058823529,14144,10000
"443",18,1,0,0,0.00183823529411765,544,10000
"444",18,3,0,0,0.00183823529411765,1088,10000
"445",18,5,0,0,0.00183823529411765,1632,10000
"446",18,7,0,0,0,2176,10000
"447",18,9,0.11829342266579,0.124249326982812,0.0257352941176471,2720,10000
"448",18,11,0.100150821823167,0.10354110581901,0.0551470588235294,3264,10000
"449",18,13,0.116094319533351,0.124249326982812,0.0551470588235294,3808,10000
"450",18,15,0.0960275034498434,0.10354110581901,0.0386029411764706,4352,10000
"451",18,17,0.059742301764597,0.0621246634914061,0.0386029411764706,4896,10000
"452",18,19,0.059742301764597,0.0621246634914061,0.0294117647058824,5440,10000
"453",18,21,0.0396754856810893,0.0414164423276041,0.0220588235294118,5984,10000
"454",18,23,0.0189672645172877,0.020708221163802,0.0183823529411765,6528,10000
"455",18,25,0.0189672645172877,0.020708221163802,0.0165441176470588,7072,10000
"456",18,27,0.0189672645172877,0.020708221163802,0.00735294117647059,7616,10000
"457",18,29,0,0,0.00919117647058824,8160,10000
"458",18,31,0,0,0.00735294117647059,8704,10000
"459",18,33,0,0,0.00735294117647059,9248,10000
"460",18,35,0,0,0.00183823529411765,9792,10000
"461",18,37,0,0,0.00183823529411765,10336,10000
"462",18,39,0.0207082211638021,0.020708221163802,0.00367647058823529,10880,10000
"463",18,41,0.0207082211638021,0.020708221163802,0.00367647058823529,11424,10000
"464",18,43,0.0207082211638021,0.020708221163802,0.00551470588235294,11968,10000
"465",18,45,0.0207082211638021,0.020708221163802,0.00367647058823529,12512,10000
"466",18,47,0.0207082211638021,0.020708221163802,0,13056,10000
"467",18,49,0.0207082211638021,0.020708221163802,0.00919117647058824,13600,10000
"468",18,51,0.0207082211638021,0.020708221163802,0.00551470588235294,14144,10000
"469",19,1,0.0207082211638021,0.020708221163802,0.00183823529411765,544,10000
"470",19,3,0.0207082211638021,0.020708221163802,0,1088,10000
"471",19,5,0.0207082211638021,0.020708221163802,0.00183823529411765,1632,10000
"472",19,7,0.0207082211638021,0.020708221163802,0.00367647058823529,2176,10000
"473",19,9,0.0664312404590996,0.0621246634914061,0.0294117647058824,2720,10000
"474",19,11,0.0810002987115087,0.0828328846552081,0.0588235294117647,3264,10000
"475",19,13,0.0422411060022688,0.0414164423276041,0.0643382352941176,3808,10000
"476",19,15,0.0276720477498592,0.020708221163802,0.0625,4352,10000
"477",19,17,0,0,0.0477941176470588,4896,10000
"478",19,19,0,0,0.0349264705882353,5440,10000
"479",19,21,0,0,0.0238970588235294,5984,10000
"480",19,23,0,0,0.00551470588235294,6528,10000
"481",19,25,0,0,0.0165441176470588,7072,10000
"482",19,27,0,0,0.0110294117647059,7616,10000
"483",19,29,0,0,0.0165441176470588,8160,10000
"484",19,31,0,0,0.00735294117647059,8704,10000
"485",19,33,0,0,0.00551470588235294,9248,10000
"486",19,35,0,0,0.00551470588235294,9792,10000
"487",19,37,0,0,0.00551470588235294,10336,10000
"488",19,39,0,0,0.00367647058823529,10880,10000
"489",19,41,0,0,0.00551470588235294,11424,10000
"490",19,43,0,0,0.00551470588235294,11968,10000
"491",19,45,0,0,0.00551470588235294,12512,10000
"492",19,47,0,0,0.00183823529411765,13056,10000
"493",19,49,0,0,0.00183823529411765,13600,10000
"494",19,51,0,0,0,14144,10000
"495",20,1,0,0,0.00183823529411765,544,10000
"496",20,3,0,0,0.00183823529411765,1088,10000
"497",20,5,0,0,0,1632,10000
"498",20,7,0,0,0.00367647058823529,2176,10000
"499",20,9,0.0645986545154003,0.0621246634914061,0.0367647058823529,2720,10000
"500",20,11,0.0882390131891218,0.0828328846552081,0.0588235294117647,3264,10000
"501",20,13,0.0470974587530716,0.0414164423276041,0.0441176470588235,3808,10000
"502",20,15,0.030695814556963,0.020708221163802,0.0257352941176471,4352,10000
"503",20,17,0.0309707024485179,0.020708221163802,0.0294117647058824,4896,10000
"504",20,19,0.0102624812847161,0,0.03125,5440,10000
"505",20,21,0.0102624812847161,0,0.0275735294117647,5984,10000
"506",20,23,0.00714708518042725,0,0.0238970588235294,6528,10000
"507",20,25,0.00714708518042725,0,0.00735294117647059,7072,10000
"508",20,27,0.00714708518042725,0,0.0128676470588235,7616,10000
"509",20,29,0.00714708518042725,0,0.0110294117647059,8160,10000
"510",20,31,0.00714708518042725,0,0.00367647058823529,8704,10000
"511",20,33,0,0,0.00919117647058824,9248,10000
"512",20,35,0,0,0.00551470588235294,9792,10000
"513",20,37,0,0,0.00183823529411765,10336,10000
"514",20,39,0,0,0.00735294117647059,10880,10000
"515",20,41,0,0,0.00551470588235294,11424,10000
"516",20,43,0,0,0,11968,10000
"517",20,45,0,0,0,12512,10000
"518",20,47,0,0,0,13056,10000
"519",20,49,0,0,0,13600,10000
"520",20,51,0,0,0.00183823529411765,14144,10000
"521",21,1,0,0,0.00367647058823529,544,10000
"522",21,3,0,0,0.00183823529411765,1088,10000
"523",21,5,0,0,0,1632,10000
"524",21,7,0,0,0,2176,10000
"525",21,9,0.0640488787322905,0.0828328846552081,0.0386029411764706,2720,10000
"526",21,11,0.0602004482505218,0.0828328846552081,0.0422794117647059,3264,10000
"527",21,13,0.045814648592482,0.0621246634914061,0.0533088235294118,3808,10000
"528",21,15,0.0251064274286803,0.0414164423276041,0.0404411764705882,4352,10000
"529",21,17,0.0267557547780096,0.0414164423276041,0.0367647058823529,4896,10000
"530",21,19,0.0267557547780096,0.0414164423276041,0.0294117647058824,5440,10000
"531",21,21,0.0267557547780096,0.0414164423276041,0.0257352941176471,5984,10000
"532",21,23,0,0,0.0128676470588235,6528,10000
"533",21,25,0,0,0.00551470588235294,7072,10000
"534",21,27,0,0,0.00367647058823529,7616,10000
"535",21,29,0,0,0.00551470588235294,8160,10000
"536",21,31,0,0,0.00551470588235294,8704,10000
"537",21,33,0,0,0.00551470588235294,9248,10000
"538",21,35,0,0,0.00183823529411765,9792,10000
"539",21,37,0,0,0.00367647058823529,10336,10000
"540",21,39,0,0,0.00183823529411765,10880,10000
"541",21,41,0,0,0.00735294117647059,11424,10000
"542",21,43,0,0,0.00367647058823529,11968,10000
"543",21,45,0,0,0.00183823529411765,12512,10000
"544",21,47,0,0,0.00367647058823529,13056,10000
"545",21,49,0,0,0.00367647058823529,13600,10000
"546",21,51,0,0,0,14144,10000
"547",22,1,0,0,0,544,10000
"548",22,3,0,0,0,1088,10000
"549",22,5,0,0,0.00183823529411765,1632,10000
"550",22,7,0,0,0,2176,10000
"551",22,9,0.02565620321179,0.020708221163802,0.0386029411764706,2720,10000
"552",22,11,0.0596506724674118,0.0621246634914061,0.0422794117647059,3264,10000
"553",22,13,0.0389424513036096,0.0414164423276041,0.0367647058823529,3808,10000
"554",22,15,0.0226324364046863,0.020708221163802,0.0386029411764706,4352,10000
"555",22,17,0.0226324364046863,0.020708221163802,0.0275735294117647,4896,10000
"556",22,19,0.0237319879709058,0.020708221163802,0.0257352941176471,5440,10000
"557",22,21,0.0237319879709058,0.020708221163802,0.0202205882352941,5984,10000
"558",22,23,0.0218077727300216,0.020708221163802,0.0275735294117647,6528,10000
"559",22,25,0.0207082211638021,0.020708221163802,0.0183823529411765,7072,10000
"560",22,27,0.0207082211638021,0.020708221163802,0.00919117647058824,7616,10000
"561",22,29,0,0,0.0165441176470588,8160,10000
"562",22,31,0,0,0.00183823529411765,8704,10000
"563",22,33,0,0,0.00551470588235294,9248,10000
"564",22,35,0,0,0.00367647058823529,9792,10000
"565",22,37,0,0,0.00183823529411765,10336,10000
"566",22,39,0,0,0,10880,10000
"567",22,41,0,0,0.00183823529411765,11424,10000
"568",22,43,0,0,0.00919117647058824,11968,10000
"569",22,45,0,0,0.00183823529411765,12512,10000
"570",22,47,0,0,0.00183823529411765,13056,10000
"571",22,49,0,0,0.00183823529411765,13600,10000
"572",22,51,0,0,0.00183823529411765,14144,10000
"573",23,1,0,0,0,544,10000
"574",23,3,0,0,0,1088,10000
"575",23,5,0,0,0,1632,10000
"576",23,7,0,0,0,2176,10000
"577",23,9,0.0715624811014578,0.0828328846552081,0.0349264705882353,2720,10000
"578",23,11,0.0775183854184803,0.10354110581901,0.0551470588235294,3264,10000
"579",23,13,0.0465476829699619,0.0828328846552081,0.0569852941176471,3808,10000
"580",23,15,0.0408666665444941,0.0621246634914061,0.0386029411764706,4352,10000
"581",23,17,0.0566269056603079,0.0828328846552081,0.0294117647058824,4896,10000
"582",23,19,0.0566269056603079,0.0828328846552081,0.0367647058823529,5440,10000
"583",23,21,0.0481970103192913,0.0828328846552081,0.0257352941176471,5984,10000
"584",23,23,0.0355521673077662,0.0621246634914061,0.0165441176470588,6528,10000
"585",23,25,0.0126448430115251,0.020708221163802,0.0128676470588235,7072,10000
"586",23,27,0.0126448430115251,0.020708221163802,0.00551470588235294,7616,10000
"587",23,29,0.0126448430115251,0.020708221163802,0.00735294117647059,8160,10000
"588",23,31,0.0126448430115251,0.020708221163802,0.00551470588235294,8704,10000
"589",23,33,0.0126448430115251,0.020708221163802,0.00183823529411765,9248,10000
"590",23,35,0.0126448430115251,0.020708221163802,0.00551470588235294,9792,10000
"591",23,37,0.020708221163802,0.020708221163802,0.00183823529411765,10336,10000
"592",23,39,0,0,0.00551470588235294,10880,10000
"593",23,41,0,0,0,11424,10000
"594",23,43,0,0,0.00183823529411765,11968,10000
"595",23,45,0,0,0,12512,10000
"596",23,47,0,0,0.00551470588235294,13056,10000
"597",23,49,0,0,0.00183823529411765,13600,10000
"598",23,51,0,0,0,14144,10000
"599",24,1,0,0,0,544,10000
"600",24,3,0,0,0.00183823529411765,1088,10000
"601",24,5,0,0,0.00183823529411765,1632,10000
"602",24,7,0,0,0.00367647058823529,2176,10000
"603",24,9,0.0635907322463656,0.0621246634914061,0.0496323529411765,2720,10000
"604",24,11,0.0635907322463656,0.0621246634914061,0.0496323529411765,3264,10000
"605",24,13,0.0589176380899323,0.0621246634914061,0.0514705882352941,3808,10000
"606",24,15,0.0645070252182149,0.0621246634914061,0.0496323529411765,4352,10000
"607",24,17,0.074861135800116,0.0828328846552081,0.0441176470588235,4896,10000
"608",24,19,0.0207082211638021,0.020708221163802,0.0404411764705882,5440,10000
"609",24,21,0.0207082211638021,0.020708221163802,0.0165441176470588,5984,10000
"610",24,23,0,0,0.0110294117647059,6528,10000
"611",24,25,0,0,0.0165441176470588,7072,10000
"612",24,27,0,0,0.00735294117647059,7616,10000
"613",24,29,0,0,0.00367647058823529,8160,10000
"614",24,31,0,0,0.00735294117647059,8704,10000
"615",24,33,0,0,0.00367647058823529,9248,10000
"616",24,35,0,0,0.00551470588235294,9792,10000
"617",24,37,0,0,0.00183823529411765,10336,10000
"618",24,39,0,0,0.00551470588235294,10880,10000
"619",24,41,0,0,0.00367647058823529,11424,10000
"620",24,43,0,0,0.00183823529411765,11968,10000
"621",24,45,0,0,0.00183823529411765,12512,10000
"622",24,47,0,0,0.00183823529411765,13056,10000
"623",24,49,0,0,0.00183823529411765,13600,10000
"624",24,51,0,0,0,14144,10000
"625",25,1,0,0,0,544,10000
"626",25,3,0,0,0.00183823529411765,1088,10000
"627",25,5,0,0,0,1632,10000
"628",25,7,0,0,0.00183823529411765,2176,10000
"629",25,9,0.0735783256395271,0.0828328846552081,0.0386029411764706,2720,10000
"630",25,11,0.0536947681503892,0.0621246634914061,0.0441176470588235,3264,10000
"631",25,13,0.0536947681503892,0.0621246634914061,0.0404411764705882,3808,10000
"632",25,15,0.0536947681503892,0.0621246634914061,0.0386029411764706,4352,10000
"633",25,17,0.0528701044757245,0.0621246634914061,0.0330882352941176,4896,10000
"634",25,19,0.0166765320876636,0.020708221163802,0.0110294117647059,5440,10000
"635",25,21,0.0165849027904786,0.020708221163802,0.0220588235294118,5984,10000
"636",25,23,0.0165849027904786,0.020708221163802,0.0165441176470588,6528,10000
"637",25,25,0.000824663674664682,0,0.00919117647058824,7072,10000
"638",25,27,0,0,0.0202205882352941,7616,10000
"639",25,29,0,0,0.0110294117647059,8160,10000
"640",25,31,0,0,0.00551470588235294,8704,10000
"641",25,33,0,0,0.00919117647058824,9248,10000
"642",25,35,0,0,0.00735294117647059,9792,10000
"643",25,37,0,0,0.00367647058823529,10336,10000
"644",25,39,0,0,0.00551470588235294,10880,10000
"645",25,41,0,0,0.00183823529411765,11424,10000
"646",25,43,0,0,0,11968,10000
"647",25,45,0,0,0,12512,10000
"648",25,47,0,0,0,13056,10000
"649",25,49,0,0,0.00183823529411765,13600,10000
"650",25,51,0,0,0,14144,10000
"651",26,1,0,0,0,544,10000
"652",26,3,0,0,0.00183823529411765,1088,10000
"653",26,5,0,0,0.00183823529411765,1632,10000
"654",26,7,0,0,0.00367647058823529,2176,10000
"655",26,9,0.0217161434328366,0.020708221163802,0.0441176470588235,2720,10000
"656",26,11,0.0140192824692996,0.020708221163802,0.0514705882352941,3264,10000
"657",26,13,0.0312455903400727,0.0414164423276041,0.0514705882352941,3808,10000
"658",26,15,0.015760239115814,0.020708221163802,0.0275735294117647,4352,10000
"659",26,17,0.0160351270073688,0.020708221163802,0.0330882352941176,4896,10000
"660",26,19,0.0154853512242591,0.020708221163802,0.0349264705882353,5440,10000
"661",26,21,0.000549775783109788,0,0.0183823529411765,5984,10000
"662",26,23,0.000274887891554894,0,0.0294117647058824,6528,10000
"663",26,25,0.000274887891554894,0,0.0110294117647059,7072,10000
"664",26,27,0,0,0.00919117647058824,7616,10000
"665",26,29,0,0,0.00551470588235294,8160,10000
"666",26,31,0,0,0.00735294117647059,8704,10000
"667",26,33,0,0,0.00367647058823529,9248,10000
"668",26,35,0,0,0.00551470588235294,9792,10000
"669",26,37,0,0,0,10336,10000
"670",26,39,0,0,0.00183823529411765,10880,10000
"671",26,41,0,0,0.00367647058823529,11424,10000
"672",26,43,0,0,0.00183823529411765,11968,10000
"673",26,45,0,0,0,12512,10000
"674",26,47,0,0,0,13056,10000
"675",26,49,0,0,0.00183823529411765,13600,10000
"676",26,51,0,0,0.00183823529411765,14144,10000
"677",27,1,0,0,0.00183823529411765,544,10000
"678",27,3,0,0,0.00183823529411765,1088,10000
"679",27,5,0,0,0,1632,10000
"680",27,7,0,0,0.00367647058823529,2176,10000
"681",27,9,0.0465476829699617,0.0414164423276041,0.0404411764705882,2720,10000
"682",27,11,0.0718373689930127,0.0621246634914061,0.0349264705882353,3264,10000
"683",27,13,0.0304209266654081,0.020708221163802,0.0349264705882353,3808,10000
"684",27,15,0.030512555962593,0.020708221163802,0.0386029411764706,4352,10000
"685",27,17,0.0259310911033449,0.020708221163802,0.0165441176470588,4896,10000
"686",27,19,0.0184174887341779,0.020708221163802,0.0220588235294118,5440,10000
"687",27,21,0,0,0.0165441176470588,5984,10000
"688",27,23,0,0,0.00551470588235294,6528,10000
"689",27,25,0,0,0.0128676470588235,7072,10000
"690",27,27,0,0,0.0165441176470588,7616,10000
"691",27,29,0,0,0.00367647058823529,8160,10000
"692",27,31,0,0,0.00183823529411765,8704,10000
"693",27,33,0,0,0.00183823529411765,9248,10000
"694",27,35,0,0,0.00367647058823529,9792,10000
"695",27,37,0,0,0.00551470588235294,10336,10000
"696",27,39,0,0,0.00367647058823529,10880,10000
"697",27,41,0,0,0.00735294117647059,11424,10000
"698",27,43,0,0,0.00367647058823529,11968,10000
"699",27,45,0,0,0.00735294117647059,12512,10000
"700",27,47,0,0,0.00183823529411765,13056,10000
"701",27,49,0,0,0.00367647058823529,13600,10000
"702",27,51,0,0,0,14144,10000
