"","year","week-of-year","total-fox-density","all-fox-but-cub-density","bait-take","bait-cost","farmforest"
"1",1,1,2.35962021945737,2.40215365500104,0.488888888888889,45,0.5
"2",1,3,2.31913279237588,2.34002899150963,0.4,90,0.5
"3",1,5,2.27257386951063,2.29861254918203,0.6,135,0.5
"4",1,7,2.21364428577702,2.23648788569062,0.555555555555556,180,0.5
"5",1,9,2.13758596899875,2.15365500103541,0.333333333333333,225,0.5
"6",1,11,2.0608113886547,2.091530337544,0.555555555555556,270,0.5
"7",1,13,2.02433247159776,2.0294056740526,0.422222222222222,315,0.5
"8",1,15,2.02699183399838,2.0501138952164,0.4,360,0.5
"9",1,17,1.98529959228973,2.0086974528888,0.333333333333333,405,0.5
"10",1,19,1.98574568858624,2.0086974528888,0.422222222222222,450,0.5
"11",1,21,1.93049009357843,1.94657278939739,0.311111111111111,495,0.5
"12",1,23,1.89902400641126,1.92586456823359,0.377777777777778,540,0.5
"13",1,25,1.80926362567508,1.82232346241458,0.422222222222222,585,0.5
"14",1,27,1.78260373989634,1.80161524125078,0.333333333333333,630,0.5
"15",1,29,1.73738992617698,1.76019879892317,0.466666666666667,675,0.5
"16",1,31,1.69609010266353,1.71878235659557,0.311111111111111,720,0.5
"17",1,33,1.59238131894036,1.61524125077656,0.355555555555556,765,0.5
"18",1,35,1.57315878736603,1.59453302961276,0.177777777777778,810,0.5
"19",1,37,3.07257549457658,1.57382480844895,0.377777777777778,855,0.5
"20",1,39,2.9259857774896,1.47028370262994,0.244444444444444,900,0.5
"21",1,41,2.81234881289522,1.42886726030234,0.311111111111111,945,0.5
"22",1,43,2.76637200821317,1.42886726030234,0.355555555555556,990,0.5
"23",1,45,2.72848899902454,1.42886726030234,0.4,1035,0.5
"24",1,47,2.58097774464208,1.30461793331953,0.288888888888889,1080,0.5
"25",1,49,2.52221284131085,2.60923586663906,0.511111111111111,1125,0.5
"26",1,51,2.45840952551223,2.54711120314765,0.577777777777778,1170,0.5
"27",2,1,2.36559641958262,2.46427831849244,0.644444444444444,45,0.5
"28",2,3,2.29786398864053,2.38144543383723,0.533333333333333,90,0.5
"29",2,5,2.24166724557634,2.34002899150963,0.533333333333333,135,0.5
"30",2,7,2.16291449716466,2.23648788569062,0.511111111111111,180,0.5
"31",2,9,2.06022529429794,2.11223855870781,0.333333333333333,225,0.5
"32",2,11,1.87363802995728,1.90515634706979,0.488888888888889,270,0.5
"33",2,13,1.76866439706938,1.78090702008697,0.466666666666667,315,0.5
"34",2,15,1.66182976329589,1.67736591426796,0.511111111111111,360,0.5
"35",2,17,1.70992320882145,1.73949057775937,0.488888888888889,405,0.5
"36",2,19,1.71741719035611,1.73949057775937,0.4,450,0.5
"37",2,21,1.69666443538336,1.71878235659557,0.422222222222222,495,0.5
"38",2,23,1.61536491784557,1.63594947194036,0.488888888888889,540,0.5
"39",2,25,1.58695317176934,1.59453302961276,0.422222222222222,585,0.5
"40",2,27,1.53947694711176,1.55311658728515,0.377777777777778,630,0.5
"41",2,29,1.50428796501829,1.51170014495755,0.355555555555556,675,0.5
"42",2,31,1.47680250783725,1.49099192379375,0.311111111111111,720,0.5
"43",2,33,1.35621835274182,1.36674259681093,0.4,765,0.5
"44",2,35,1.36528588125366,1.40815903913854,0.333333333333333,810,0.5
"45",2,37,2.69220711746969,1.38745081797474,0.244444444444444,855,0.5
"46",2,39,2.57640796691174,1.38745081797474,0.266666666666667,900,0.5
"47",2,41,2.48570388784462,1.34603437564713,0.4,945,0.5
"48",2,43,2.36311341041143,1.32532615448333,0.333333333333333,990,0.5
"49",2,45,2.29990989639302,1.28390971215573,0.355555555555556,1035,0.5
"50",2,47,2.23398036520884,1.26320149099192,0.266666666666667,1080,0.5
"51",2,49,2.19449756465742,2.29861254918203,0.444444444444444,1125,0.5
"52",2,51,2.13651099543415,2.23648788569062,0.466666666666667,1170,0.5
"53",3,1,2.07341897988087,2.17436322219921,0.355555555555556,45,0.5
"54",3,3,2.02920418986602,2.11223855870781,0.288888888888889,90,0.5
"55",3,5,1.91862452022046,2.0086974528888,0.422222222222222,135,0.5
"56",3,7,1.8357471017563,1.92586456823359,0.444444444444444,180,0.5
"57",3,9,1.89373273559962,1.96728101056119,0.4,225,0.5
"58",3,11,1.79646660943961,1.82232346241458,0.333333333333333,270,0.5
"59",3,13,1.71179642290736,1.76019879892317,0.488888888888889,315,0.5
"60",3,15,1.63416486465368,1.67736591426796,0.355555555555556,360,0.5
"61",3,17,1.4939778564775,1.55311658728515,0.444444444444444,405,0.5
"62",3,19,1.42126811933978,1.44957548146614,0.377777777777778,450,0.5
"63",3,21,1.42287671610454,1.42886726030234,0.377777777777778,495,0.5
"64",3,23,1.38450309403995,1.44957548146614,0.311111111111111,540,0.5
"65",3,25,1.35276722849713,1.40815903913854,0.333333333333333,585,0.5
"66",3,27,1.25670181877123,1.30461793331953,0.288888888888889,630,0.5
"67",3,29,1.19157347245492,1.24249326982812,0.244444444444444,675,0.5
"68",3,31,1.17885430258577,1.22178504866432,0.355555555555556,720,0.5
"69",3,33,1.17293724314321,1.22178504866432,0.355555555555556,765,0.5
"70",3,35,1.16864342468525,1.22178504866432,0.311111111111111,810,0.5
"71",3,37,2.70947402227542,1.20107682750052,0.288888888888889,855,0.5
"72",3,39,2.66311560055029,1.20107682750052,0.422222222222222,900,0.5
"73",3,41,2.56912813844145,1.20107682750052,0.266666666666667,945,0.5
"74",3,43,2.51235622023402,1.13895216400911,0.355555555555556,990,0.5
"75",3,45,2.45326618594395,1.13895216400911,0.333333333333333,1035,0.5
"76",3,47,2.3897948515658,1.11824394284531,0.266666666666667,1080,0.5
"77",3,49,2.31554188145267,2.44357009732864,0.533333333333333,1125,0.5
"78",3,51,2.28890009653516,2.42286187616484,0.422222222222222,1170,0.5
"79",4,1,2.26819187537136,2.40215365500104,0.4,45,0.5
"80",4,3,2.24889357564849,2.38144543383723,0.422222222222222,90,0.5
"81",4,5,2.18588561218466,2.31932077034583,0.422222222222222,135,0.5
"82",4,7,2.12441265846592,2.25719610685442,0.333333333333333,180,0.5
"83",4,9,1.93187034661341,2.0294056740526,0.622222222222222,225,0.5
"84",4,11,1.87214835217692,1.94657278939739,0.422222222222222,270,0.5
"85",4,13,1.69246552788328,1.73949057775937,0.4,315,0.5
"86",4,15,1.60201521500293,1.65665769310416,0.355555555555556,360,0.5
"87",4,17,1.56479641459083,1.61524125077656,0.488888888888889,405,0.5
"88",4,19,1.53730536452002,1.57382480844895,0.4,450,0.5
"89",4,21,1.5325545300338,1.57382480844895,0.288888888888889,495,0.5
"90",4,23,1.52034206475343,1.57382480844895,0.466666666666667,540,0.5
"91",4,25,1.47669152416858,1.53240836612135,0.422222222222222,585,0.5
"92",4,27,1.43527508184098,1.49099192379375,0.288888888888889,630,0.5
"93",4,29,1.39385863951338,1.44957548146614,0.377777777777778,675,0.5
"94",4,31,1.39359651013156,1.44957548146614,0.355555555555556,720,0.5
"95",4,33,1.37315041834957,1.42886726030234,0.288888888888889,765,0.5
"96",4,35,1.34846156719964,1.40815903913854,0.377777777777778,810,0.5
"97",4,37,2.6819332100859,1.40815903913854,0.377777777777778,855,0.5
"98",4,39,2.56848319303901,1.34603437564713,0.333333333333333,900,0.5
"99",4,41,2.43388383656388,1.24249326982812,0.244444444444444,945,0.5
"100",4,43,2.40563944463257,1.28390971215573,0.288888888888889,990,0.5
"101",4,45,2.35111096098171,1.26320149099192,0.377777777777778,1035,0.5
"102",4,47,2.2837187817568,1.22178504866432,0.333333333333333,1080,0.5
"103",4,49,2.27510819826659,2.48498653965624,0.422222222222222,1125,0.5
"104",4,51,2.19350197645793,2.40215365500104,0.466666666666667,1170,0.5
"105",5,1,2.16273501882875,2.36073721267343,0.444444444444444,45,0.5
"106",5,3,1.97883041735998,2.17436322219921,0.422222222222222,90,0.5
"107",5,5,1.88605794468144,2.0708221163802,0.466666666666667,135,0.5
"108",5,7,1.82136257264483,2.0086974528888,0.4,180,0.5
"109",5,9,1.82740284780458,1.92586456823359,0.622222222222222,225,0.5
"110",5,11,1.71378643772525,1.78090702008697,0.6,270,0.5
"111",5,13,1.64038711833228,1.71878235659557,0.422222222222222,315,0.5
"112",5,15,1.55818003023098,1.63594947194036,0.444444444444444,360,0.5
"113",5,17,1.48477399347171,1.55311658728515,0.4,405,0.5
"114",5,19,1.35714409988259,1.42886726030234,0.377777777777778,450,0.5
"115",5,21,1.33136418194668,1.38745081797474,0.244444444444444,495,0.5
"116",5,23,1.32702268069767,1.38745081797474,0.333333333333333,540,0.5
"117",5,25,1.31034614861,1.36674259681093,0.333333333333333,585,0.5
"118",5,27,1.29937813357615,1.34603437564713,0.244444444444444,630,0.5
"119",5,29,1.27291686154958,1.32532615448333,0.266666666666667,675,0.5
"120",5,31,1.28959339363725,1.34603437564713,0.355555555555556,720,0.5
"121",5,33,1.23407109634763,1.28390971215573,0.222222222222222,765,0.5
"122",5,35,1.24817695130964,1.30461793331953,0.311111111111111,810,0.5
"123",5,37,2.61741294745986,1.30461793331953,0.266666666666667,855,0.5
"124",5,39,2.57606988972963,1.28390971215573,0.266666666666667,900,0.5
"125",5,41,2.52844897055356,1.32532615448333,0.288888888888889,945,0.5
"126",5,43,2.48056188992618,1.30461793331953,0.377777777777778,990,0.5
"127",5,45,2.46225020460268,1.30461793331953,0.2,1035,0.5
"128",5,47,2.43761763863143,1.28390971215573,0.244444444444444,1080,0.5
"129",5,49,2.33930109139339,2.52640298198385,0.444444444444444,1125,0.5
"130",5,51,2.24467167325723,2.42286187616484,0.444444444444444,1170,0.5
"131",6,1,2.23374819203233,2.40215365500104,0.533333333333333,45,0.5
"132",6,3,2.19171309911527,2.36073721267343,0.466666666666667,90,0.5
"133",6,5,2.1471537415385,2.31932077034583,0.488888888888889,135,0.5
"134",6,7,2.09917547179677,2.25719610685442,0.422222222222222,180,0.5
"135",6,9,1.96751085839137,2.0708221163802,0.377777777777778,225,0.5
"136",6,11,1.84063345999025,1.94657278939739,0.511111111111111,270,0.5
"137",6,13,1.82411378630431,1.92586456823359,0.422222222222222,315,0.5
"138",6,15,1.72718738464883,1.82232346241458,0.377777777777778,360,0.5
"139",6,17,1.59999661659502,1.69807413543177,0.4,405,0.5
"140",6,19,1.53318525992896,1.61524125077656,0.355555555555556,450,0.5
"141",6,21,1.52263056415864,1.61524125077656,0.355555555555556,495,0.5
"142",6,23,1.4433680624627,1.53240836612135,0.4,540,0.5
"143",6,25,1.3403767324268,1.42886726030234,0.4,585,0.5
"144",6,27,1.32781366809837,1.42886726030234,0.288888888888889,630,0.5
"145",6,29,1.30594460291024,1.38745081797474,0.266666666666667,675,0.5
"146",6,31,1.31911873547989,1.40815903913854,0.266666666666667,720,0.5
"147",6,33,1.31876477363172,1.40815903913854,0.377777777777778,765,0.5
"148",6,35,1.29982043575702,1.38745081797474,0.333333333333333,810,0.5
"149",6,37,2.52576533473963,1.32532615448333,0.311111111111111,855,0.5
"150",6,39,2.43724041353475,1.30461793331953,0.2,900,0.5
"151",6,41,2.35989887007432,1.24249326982812,0.377777777777778,945,0.5
"152",6,43,2.20530204426957,1.15966038517291,0.266666666666667,990,0.5
"153",6,45,2.13547230315545,1.07682750051771,0.244444444444444,1035,0.5
"154",6,47,2.12324710264644,1.0561192793539,0.111111111111111,1080,0.5
"155",6,49,1.99615799183732,2.11223855870781,0.355555555555556,1125,0.5
"156",6,51,1.88634906737489,2.0086974528888,0.422222222222222,1170,0.5
"157",7,1,1.83412887392564,1.96728101056119,0.444444444444444,45,0.5
"158",7,3,1.83408434011669,1.96728101056119,0.266666666666667,90,0.5
"159",7,5,1.75864263812186,1.88444812590598,0.444444444444444,135,0.5
"160",7,7,1.68981260070698,1.80161524125078,0.333333333333333,180,0.5
"161",7,9,1.60288613769128,1.69807413543177,0.444444444444444,225,0.5
"162",7,11,1.41886091482604,1.49099192379375,0.333333333333333,270,0.5
"163",7,13,1.43661007037917,1.49099192379375,0.377777777777778,315,0.5
"164",7,15,1.36942012226011,1.40815903913854,0.288888888888889,360,0.5
"165",7,17,1.37660117525662,1.44957548146614,0.422222222222222,405,0.5
"166",7,19,1.34019355386258,1.40815903913854,0.355555555555556,450,0.5
"167",7,21,1.33634512338081,1.40815903913854,0.2,495,0.5
"168",7,23,1.2949286810532,1.36674259681093,0.377777777777778,540,0.5
"169",7,25,1.2949286810532,1.36674259681093,0.288888888888889,585,0.5
"170",7,27,1.2742204598894,1.34603437564713,0.288888888888889,630,0.5
"171",7,29,1.23683570663793,1.30461793331953,0.333333333333333,675,0.5
"172",7,31,1.22277921712068,1.28390971215573,0.311111111111111,720,0.5
"173",7,33,1.18136277479308,1.24249326982812,0.333333333333333,765,0.5
"174",7,35,1.14053320513003,1.20107682750052,0.333333333333333,810,0.5
"175",7,37,2.30677285359915,1.18036860633672,0.377777777777778,855,0.5
"176",7,39,2.22358872937094,1.15966038517291,0.155555555555556,900,0.5
"177",7,41,2.16843821759021,1.09753572168151,0.288888888888889,945,0.5
"178",7,43,2.09043827929965,1.07682750051771,0.0888888888888889,990,0.5
"179",7,45,2.05329762352813,1.0561192793539,0.4,1035,0.5
"180",7,47,2.01263573176923,1.0354110581901,0.311111111111111,1080,0.5
"181",7,49,1.96697020135142,2.13294677987161,0.422222222222222,1125,0.5
"182",7,51,1.90949587752563,2.0501138952164,0.488888888888889,1170,0.5
"183",8,1,1.86436041104421,2.0086974528888,0.377777777777778,45,0.5
"184",8,3,1.78857286324948,1.92586456823359,0.444444444444444,90,0.5
"185",8,5,1.72758931792754,1.86373990474218,0.422222222222222,135,0.5
"186",8,7,1.65134983190152,1.78090702008697,0.355555555555556,180,0.5
"187",8,9,1.55451602183903,1.63594947194036,0.422222222222222,225,0.5
"188",8,11,1.50056653966826,1.63594947194036,0.333333333333333,270,0.5
"189",8,13,1.46583552940582,1.59453302961276,0.288888888888889,315,0.5
"190",8,15,1.29609090981723,1.38745081797474,0.311111111111111,360,0.5
"191",8,17,1.27479581598886,1.36674259681093,0.288888888888889,405,0.5
"192",8,19,1.29997243340964,1.38745081797474,0.288888888888889,450,0.5
"193",8,21,1.23277553141342,1.32532615448333,0.4,495,0.5
"194",8,23,1.17504440129591,1.26320149099192,0.266666666666667,540,0.5
"195",8,25,1.15492325596584,1.24249326982812,0.244444444444444,585,0.5
"196",8,27,1.12767455407994,1.22178504866432,0.311111111111111,630,0.5
"197",8,29,1.1259728677772,1.22178504866432,0.377777777777778,675,0.5
"198",8,31,1.11285625518669,1.20107682750052,0.311111111111111,720,0.5
"199",8,33,1.06695444701883,1.15966038517291,0.266666666666667,765,0.5
"200",8,35,1.05204780244746,1.13895216400911,0.288888888888889,810,0.5
"201",8,37,2.53829190090419,1.07682750051771,0.244444444444444,855,0.5
"202",8,39,2.56851494849077,1.15966038517291,0.2,900,0.5
"203",8,41,2.53099261530908,1.11824394284531,0.244444444444444,945,0.5
"204",8,43,2.44511430000734,1.09753572168151,0.244444444444444,990,0.5
"205",8,45,2.36348159107609,1.09753572168151,0.288888888888889,1035,0.5
"206",8,47,2.28368967958169,1.0561192793539,0.155555555555556,1080,0.5
"207",8,49,2.22324396099024,2.38144543383723,0.422222222222222,1125,0.5
"208",8,51,2.1703095848398,2.31932077034583,0.466666666666667,1170,0.5
"209",9,1,2.10707216375043,2.25719610685442,0.444444444444444,45,0.5
"210",9,3,2.07292276892929,2.21577966452682,0.466666666666667,90,0.5
"211",9,5,2.01323935531139,2.15365500103541,0.533333333333333,135,0.5
"212",9,7,1.92460268622021,2.0501138952164,0.311111111111111,180,0.5
"213",9,9,1.67073318253994,1.76019879892317,0.422222222222222,225,0.5
"214",9,11,1.53775404684953,1.61524125077656,0.377777777777778,270,0.5
"215",9,13,1.48317175199507,1.55311658728515,0.355555555555556,315,0.5
"216",9,15,1.45824414052816,1.53240836612135,0.333333333333333,360,0.5
"217",9,17,1.42914267574221,1.49099192379375,0.333333333333333,405,0.5
"218",9,19,1.3505091580673,1.40815903913854,0.222222222222222,450,0.5
"219",9,21,1.31231523041136,1.36674259681093,0.311111111111111,495,0.5
"220",9,23,1.22281501467291,1.28390971215573,0.333333333333333,540,0.5
"221",9,25,1.20172238893519,1.26320149099192,0.311111111111111,585,0.5
"222",9,27,1.18449608106441,1.24249326982812,0.244444444444444,630,0.5
"223",9,29,1.1424482498145,1.20107682750052,0.2,675,0.5
"224",9,31,1.12237141757301,1.18036860633672,0.155555555555556,720,0.5
"225",9,33,1.09763150733307,1.15966038517291,0.222222222222222,765,0.5
"226",9,35,1.02986490579571,1.07682750051771,0.311111111111111,810,0.5
"227",9,37,2.43260052337122,1.09753572168151,0.266666666666667,855,0.5
"228",9,39,2.28530030056115,1.0354110581901,0.222222222222222,900,0.5
"229",9,41,2.29822407062367,1.0561192793539,0.111111111111111,945,0.5
"230",9,43,2.28303272457263,1.0561192793539,0.2,990,0.5
"231",9,45,2.18380472039143,1.0561192793539,0.266666666666667,1035,0.5
"232",9,47,2.09307796030433,1.0561192793539,0.244444444444444,1080,0.5
"233",9,49,2.04112369963723,2.25719610685442,0.444444444444444,1125,0.5
"234",9,51,1.96607433387772,2.19507144336302,0.444444444444444,1170,0.5
"235",10,1,1.91202405614771,2.13294677987161,0.422222222222222,45,0.5
"236",10,3,1.88771804302414,2.11223855870781,0.355555555555556,90,0.5
"237",10,5,1.85545654902134,2.0708221163802,0.288888888888889,135,0.5
"238",10,7,1.81634694366649,2.0294056740526,0.4,180,0.5
"239",10,9,1.65738630658481,1.82232346241458,0.377777777777778,225,0.5
"240",10,11,1.51075915035959,1.63594947194036,0.466666666666667,270,0.5
"241",10,13,1.48476080260478,1.59453302961276,0.422222222222222,315,0.5
"242",10,15,1.41765689001505,1.51170014495755,0.488888888888889,360,0.5
"243",10,17,1.41713197214486,1.51170014495755,0.422222222222222,405,0.5
"244",10,19,1.40750204442106,1.49099192379375,0.311111111111111,450,0.5
"245",10,21,1.35269846921988,1.42886726030234,0.266666666666667,495,0.5
"246",10,23,1.30999378634779,1.38745081797474,0.355555555555556,540,0.5
"247",10,25,1.26986558456467,1.34603437564713,0.288888888888889,585,0.5
"248",10,27,1.2435933363003,1.32532615448333,0.266666666666667,630,0.5
"249",10,29,1.24359333630029,1.32532615448333,0.333333333333333,675,0.5
"250",10,31,1.22253780744402,1.30461793331953,0.2,720,0.5
"251",10,33,1.16217037308603,1.24249326982812,0.222222222222222,765,0.5
"252",10,35,1.1031611056989,1.18036860633672,0.422222222222222,810,0.5
"253",10,37,2.58664150260585,1.15966038517291,0.288888888888889,855,0.5
"254",10,39,2.60956927682977,1.15966038517291,0.288888888888889,900,0.5
"255",10,41,2.53307668045644,1.15966038517291,0.288888888888889,945,0.5
"256",10,43,2.44654312179803,1.11824394284531,0.222222222222222,990,0.5
"257",10,45,2.37693485705821,1.11824394284531,0.133333333333333,1035,0.5
"258",10,47,2.2831118152582,1.09753572168151,0.288888888888889,1080,0.5
"259",10,49,2.25910449023252,2.48498653965624,0.488888888888889,1125,0.5
"260",10,51,2.19587461640436,2.42286187616484,0.4,1170,0.5
"261",11,1,2.11850909167395,2.34002899150963,0.444444444444444,45,0.5
"262",11,3,2.0309184094688,2.23648788569062,0.533333333333333,90,0.5
"263",11,5,1.96971999649579,2.17436322219921,0.466666666666667,135,0.5
"264",11,7,1.92208929559135,2.11223855870781,0.355555555555556,180,0.5
"265",11,9,1.79639600740708,1.92586456823359,0.4,225,0.5
"266",11,11,1.8218406641563,1.92586456823359,0.644444444444444,270,0.5
"267",11,13,1.75998351904563,1.84303168357838,0.333333333333333,315,0.5
"268",11,15,1.70350947207868,1.78090702008697,0.377777777777778,360,0.5
"269",11,17,1.61877975732508,1.69807413543177,0.4,405,0.5
"270",11,19,1.58194477985672,1.65665769310416,0.288888888888889,450,0.5
"271",11,21,1.49053558699478,1.57382480844895,0.333333333333333,495,0.5
"272",11,23,1.42206882042645,1.49099192379375,0.222222222222222,540,0.5
"273",11,25,1.3884044026167,1.47028370262994,0.4,585,0.5
"274",11,27,1.3884044026167,1.47028370262994,0.355555555555556,630,0.5
"275",11,29,1.3884044026167,1.47028370262994,0.266666666666667,675,0.5
"276",11,31,1.37172787052903,1.44957548146614,0.244444444444444,720,0.5
"277",11,33,1.35101964936523,1.42886726030234,0.288888888888889,765,0.5
"278",11,35,1.2755253196642,1.34603437564713,0.333333333333333,810,0.5
"279",11,37,2.77688371386602,1.30461793331953,0.266666666666667,855,0.5
"280",11,39,2.61547208194593,1.24249326982812,0.288888888888889,900,0.5
"281",11,41,2.51452335466232,1.24249326982812,0.244444444444444,945,0.5
"282",11,43,2.43459622693784,1.18036860633672,0.377777777777778,990,0.5
"283",11,45,2.35630531483312,1.15966038517291,0.2,1035,0.5
"284",11,47,2.27750695598154,1.13895216400911,0.444444444444444,1080,0.5
"285",11,49,2.24474471356429,2.48498653965624,0.4,1125,0.5
"286",11,51,2.14717038890999,2.38144543383723,0.444444444444444,1170,0.5
"287",12,1,1.96986963184753,2.19507144336302,0.444444444444444,45,0.5
"288",12,3,1.98299241908875,2.19507144336302,0.288888888888889,90,0.5
"289",12,5,1.96004788774454,2.17436322219921,0.333333333333333,135,0.5
"290",12,7,1.85714870036672,2.0501138952164,0.355555555555556,180,0.5
"291",12,9,1.77317790071355,1.94657278939739,0.444444444444444,225,0.5
"292",12,11,1.58179702523922,1.71878235659557,0.488888888888889,270,0.5
"293",12,13,1.58686404999903,1.71878235659557,0.4,315,0.5
"294",12,15,1.54541828243375,1.65665769310416,0.4,360,0.5
"295",12,17,1.43804683932201,1.53240836612135,0.4,405,0.5
"296",12,19,1.45214909074589,1.55311658728515,0.377777777777778,450,0.5
"297",12,21,1.41051068925119,1.51170014495755,0.333333333333333,495,0.5
"298",12,23,1.33423994315195,1.42886726030234,0.288888888888889,540,0.5
"299",12,25,1.31045149672521,1.40815903913854,0.244444444444444,585,0.5
"300",12,27,1.26517104322563,1.36674259681093,0.244444444444444,630,0.5
"301",12,29,1.26517104322563,1.36674259681093,0.311111111111111,675,0.5
"302",12,31,1.20616177583851,1.30461793331953,0.266666666666667,720,0.5
"303",12,33,1.20304637973421,1.30461793331953,0.266666666666667,765,0.5
"304",12,35,1.17402126650057,1.28390971215573,0.222222222222222,810,0.5
"305",12,37,2.28034936706054,1.20107682750052,0.288888888888889,855,0.5
"306",12,39,2.25848613545448,1.20107682750052,0.133333333333333,900,0.5
"307",12,41,2.16909846341667,1.15966038517291,0.355555555555556,945,0.5
"308",12,43,2.08710205007162,1.11824394284531,0.222222222222222,990,0.5
"309",12,45,2.0380989081547,1.13895216400911,0.333333333333333,1035,0.5
"310",12,47,1.9964501838347,1.11824394284531,0.266666666666667,1080,0.5
"311",12,49,1.92086171917559,2.0708221163802,0.355555555555556,1125,0.5
"312",12,51,1.83337711433793,1.98798923172499,0.4,1170,0.5
"313",13,1,1.80027756408016,1.94657278939739,0.422222222222222,45,0.5
"314",13,3,1.77956934291636,1.92586456823359,0.333333333333333,90,0.5
"315",13,5,1.72465636115804,1.86373990474218,0.333333333333333,135,0.5
"316",13,7,1.67964212687066,1.82232346241458,0.377777777777778,180,0.5
"317",13,9,1.57992789364452,1.67736591426796,0.333333333333333,225,0.5
"318",13,11,1.51542552402829,1.61524125077656,0.466666666666667,270,0.5
"319",13,13,1.43542809796223,1.53240836612135,0.333333333333333,315,0.5
"320",13,15,1.40659320613106,1.49099192379375,0.266666666666667,360,0.5
"321",13,17,1.3785745424854,1.47028370262994,0.311111111111111,405,0.5
"322",13,19,1.34935006444518,1.42886726030234,0.177777777777778,450,0.5
"323",13,21,1.31987895734389,1.40815903913854,0.422222222222222,495,0.5
"324",13,23,1.27829483711212,1.36674259681093,0.311111111111111,540,0.5
"325",13,25,1.27820320781494,1.36674259681093,0.244444444444444,585,0.5
"326",13,27,1.21910231113064,1.30461793331953,0.244444444444444,630,0.5
"327",13,29,1.19848571926402,1.28390971215573,0.266666666666667,675,0.5
"328",13,31,1.15431994885763,1.24249326982812,0.355555555555556,720,0.5
"329",13,33,1.13691083155572,1.22178504866432,0.133333333333333,765,0.5
"330",13,35,1.11620261039191,1.20107682750052,0.266666666666667,810,0.5
"331",13,37,2.27694717036203,1.18036860633672,0.2,855,0.5
"332",13,39,2.20352712303547,1.15966038517291,0.311111111111111,900,0.5
"333",13,41,2.15157424014879,1.13895216400911,0.244444444444444,945,0.5
"334",13,43,2.12177739196494,1.11824394284531,0.244444444444444,990,0.5
"335",13,45,2.03876877164083,1.09753572168151,0.266666666666667,1035,0.5
"336",13,47,1.96069524054503,1.0354110581901,0.244444444444444,1080,0.5
"337",13,49,1.95171042868611,2.15365500103541,0.422222222222222,1125,0.5
"338",13,51,1.87640738843582,2.0708221163802,0.311111111111111,1170,0.5
"339",14,1,1.78343467537044,1.98798923172499,0.355555555555556,45,0.5
"340",14,3,1.74201823304284,1.94657278939739,0.4,90,0.5
"341",14,5,1.65086770877306,1.82232346241458,0.488888888888889,135,0.5
"342",14,7,1.65086770877306,1.82232346241458,0.377777777777778,180,0.5
"343",14,9,1.41579490041785,1.53240836612135,0.422222222222222,225,0.5
"344",14,11,1.42327101421525,1.53240836612135,0.422222222222222,270,0.5
"345",14,13,1.34533188797356,1.42886726030234,0.377777777777778,315,0.5
"346",14,15,1.32773906291404,1.40815903913854,0.288888888888889,360,0.5
"347",14,17,1.3176112961768,1.38745081797474,0.377777777777778,405,0.5
"348",14,19,1.3004171973923,1.36674259681093,0.2,450,0.5
"349",14,21,1.27259706188942,1.34603437564713,0.266666666666667,495,0.5
"350",14,23,1.21047239839802,1.28390971215573,0.333333333333333,540,0.5
"351",14,25,1.18976417723421,1.26320149099192,0.311111111111111,585,0.5
"352",14,27,1.15378934542369,1.22178504866432,0.266666666666667,630,0.5
"353",14,29,1.14504863104473,1.22178504866432,0.244444444444444,675,0.5
"354",14,31,1.08383885484432,1.15966038517291,0.244444444444444,720,0.5
"355",14,33,1.05616680709446,1.13895216400911,0.333333333333333,765,0.5
"356",14,35,1.05256901513469,1.13895216400911,0.333333333333333,810,0.5
"357",14,37,2.31346644903244,1.13895216400911,0.266666666666667,855,0.5
"358",14,39,2.22396457371586,1.11824394284531,0.311111111111111,900,0.5
"359",14,41,2.16840012274031,1.11824394284531,0.311111111111111,945,0.5
"360",14,43,2.05590893095055,1.0354110581901,0.222222222222222,990,0.5
"361",14,45,1.95344509848378,0.973286394698695,0.244444444444444,1035,0.5
"362",14,47,1.83005284937813,0.931869952371091,0.244444444444444,1080,0.5
"363",14,49,1.80870322313404,2.0086974528888,0.422222222222222,1125,0.5
"364",14,51,1.79524920571805,1.98798923172499,0.377777777777778,1170,0.5
"365",15,1,1.73719170115994,1.94657278939739,0.422222222222222,45,0.5
"366",15,3,1.61009309774277,1.80161524125078,0.422222222222222,90,0.5
"367",15,5,1.60452907064219,1.80161524125078,0.4,135,0.5
"368",15,7,1.53360062511022,1.71878235659557,0.311111111111111,180,0.5
"369",15,9,1.48828074144734,1.61524125077656,0.377777777777778,225,0.5
"370",15,11,1.43610663871374,1.53240836612135,0.466666666666667,270,0.5
"371",15,13,1.41769396169369,1.51170014495755,0.4,315,0.5
"372",15,15,1.35780594865922,1.44957548146614,0.422222222222222,360,0.5
"373",15,17,1.28805542023415,1.36674259681093,0.333333333333333,405,0.5
"374",15,19,1.26128234008835,1.34603437564713,0.222222222222222,450,0.5
"375",15,21,1.24358553659662,1.32532615448333,0.333333333333333,495,0.5
"376",15,23,1.1691014122762,1.26320149099192,0.333333333333333,540,0.5
"377",15,25,1.18510118707969,1.26320149099192,0.311111111111111,585,0.5
"378",15,27,1.16085663037363,1.24249326982812,0.377777777777778,630,0.5
"379",15,29,1.14106470218168,1.22178504866432,0.311111111111111,675,0.5
"380",15,31,1.14368474475209,1.22178504866432,0.2,720,0.5
"381",15,33,1.09954504964154,1.18036860633672,0.333333333333333,765,0.5
"382",15,35,1.07798122370371,1.15966038517291,0.466666666666667,810,0.5
"383",15,37,2.52230798183456,1.09753572168151,0.155555555555556,855,0.5
"384",15,39,2.37841903988076,1.09753572168151,0.266666666666667,900,0.5
"385",15,41,2.33795155704068,1.0561192793539,0.266666666666667,945,0.5
"386",15,43,2.26269826474566,1.07682750051771,0.288888888888889,990,0.5
"387",15,45,2.17420806411455,1.0147028370263,0.2,1035,0.5
"388",15,47,2.12097144245008,0.993994615862497,0.0888888888888889,1080,0.5
"389",15,49,2.05866982683414,2.19507144336302,0.377777777777778,1125,0.5
"390",15,51,2.05482139635236,2.19507144336302,0.4,1170,0.5
"391",16,1,1.68071497903677,1.78090702008697,0.311111111111111,45,0.5
"392",16,3,1.31682732708495,1.38745081797474,0.444444444444444,90,0.5
"393",16,5,1.1044157241914,1.15966038517291,0.288888888888889,135,0.5
"394",16,7,0.877848355347049,0.911161731207289,0.266666666666667,180,0.5
"395",16,9,0.781026948736915,0.766204183060675,0.311111111111111,225,0.5
"396",16,11,0.8719845810236,0.869745288879685,0.111111111111111,270,0.5
"397",16,13,0.858836723369602,0.869745288879685,0.155555555555556,315,0.5
"398",16,15,0.605898669904466,0.621246634914061,0.311111111111111,360,0.5
"399",16,17,0.496577525214709,0.476289086767447,0.222222222222222,405,0.5
"400",16,19,0.500414798659888,0.496997307931249,0.133333333333333,450,0.5
"401",16,21,0.492148425004918,0.455580865603645,0.0888888888888889,495,0.5
"402",16,23,0.445943857650855,0.455580865603645,0.111111111111111,540,0.5
"403",16,25,0.413606911468208,0.393456202112239,0.0888888888888889,585,0.5
"404",16,27,0.349833841737468,0.393456202112239,0.177777777777778,630,0.5
"405",16,29,0.376893558328194,0.393456202112239,0.111111111111111,675,0.5
"406",16,31,0.398342235102846,0.434872644439843,0.0888888888888889,720,0.5
"407",16,33,0.396143110145677,0.372747980948437,0.0888888888888889,765,0.5
"408",16,35,0.327997109348823,0.289915096293228,0.177777777777778,810,0.5
"409",16,37,0.594048233337665,0.289915096293228,0.0888888888888889,855,0.5
"410",16,39,0.710960161655275,0.372747980948437,0.0444444444444444,900,0.5
"411",16,41,0.671421491790484,0.352039759784635,0.0888888888888889,945,0.5
"412",16,43,0.540719114649468,0.269206875129426,0.133333333333333,990,0.5
"413",16,45,0.418550048946946,0.269206875129426,0.0666666666666667,1035,0.5
"414",16,47,0.421243142237677,0.248498653965624,0.0222222222222222,1080,0.5
"415",16,49,0.429640424172347,0.455580865603645,0.0888888888888889,1125,0.5
"416",16,51,0.440252979236417,0.538413750258853,0.0444444444444444,1170,0.5
"417",17,1,0.386560195690375,0.393456202112239,0.0888888888888889,45,0.5
"418",17,3,0.33415474915472,0.331331538620832,0.0666666666666667,90,0.5
"419",17,5,0.268293237681054,0.269206875129426,0.111111111111111,135,0.5
"420",17,7,0.258181724532127,0.269206875129426,0,180,0.5
"421",17,9,0.422368200731053,0.434872644439843,0.0888888888888889,225,0.5
"422",17,11,0.456833175865512,0.455580865603645,0.133333333333333,270,0.5
"423",17,13,0.441322372451827,0.455580865603645,0.0888888888888889,315,0.5
"424",17,15,0.431661566337443,0.434872644439843,0.111111111111111,360,0.5
"425",17,17,0.408831136028341,0.414164423276041,0.133333333333333,405,0.5
"426",17,19,0.34572160018955,0.352039759784635,0.111111111111111,450,0.5
"427",17,21,0.358000080159611,0.372747980948437,0.0222222222222222,495,0.5
"428",17,23,0.306559369644724,0.331331538620832,0.111111111111111,540,0.5
"429",17,25,0.324544280205232,0.331331538620832,0,585,0.5
"430",17,27,0.337978707936061,0.352039759784635,0.0444444444444444,630,0.5
"431",17,29,0.352455366902088,0.372747980948437,0.0222222222222222,675,0.5
"432",17,31,0.384930887959678,0.372747980948437,0.0222222222222222,720,0.5
"433",17,33,0.34174712424952,0.331331538620832,0.0444444444444444,765,0.5
"434",17,35,0.331570626695358,0.331331538620832,0.0222222222222222,810,0.5
"435",17,37,0.637393943518842,0.31062331745703,0.0444444444444444,855,0.5
"436",17,39,0.737390832170902,0.372747980948437,0.0222222222222222,900,0.5
"437",17,41,0.71457182950897,0.372747980948437,0.111111111111111,945,0.5
"438",17,43,0.737113342735802,0.372747980948437,0.0222222222222222,990,0.5
"439",17,45,0.570952965309978,0.248498653965624,0.133333333333333,1035,0.5
"440",17,47,0.572419163612817,0.248498653965624,0,1080,0.5
"441",17,49,0.555648867729347,0.579830192586457,0.0222222222222222,1125,0.5
"442",17,51,0.48645946679701,0.517705529095051,0.0666666666666667,1170,0.5
"443",18,1,0.485389669393712,0.517705529095051,0,45,0.5
"444",18,3,0.462486099535834,0.496997307931249,0.0222222222222222,90,0.5
"445",18,5,0.438387000672473,0.476289086767447,0.0444444444444444,135,0.5
"446",18,7,0.322830330363871,0.352039759784635,0.0888888888888889,180,0.5
"447",18,9,0.523526247743971,0.538413750258853,0.0444444444444444,225,0.5
"448",18,11,0.569036399963721,0.538413750258853,0.111111111111111,270,0.5
"449",18,13,0.490709356164131,0.517705529095051,0.155555555555556,315,0.5
"450",18,15,0.428092308506714,0.455580865603645,0.111111111111111,360,0.5
"451",18,17,0.394220635035561,0.414164423276041,0.111111111111111,405,0.5
"452",18,19,0.375938774009181,0.372747980948437,0.0666666666666667,450,0.5
"453",18,21,0.351150479572524,0.352039759784635,0.0444444444444444,495,0.5
"454",18,23,0.30772433595551,0.31062331745703,0.0666666666666667,540,0.5
"455",18,25,0.274849194671589,0.289915096293228,0.0666666666666667,585,0.5
"456",18,27,0.233358440786017,0.227790432801822,0.0888888888888889,630,0.5
"457",18,29,0.269361311697389,0.289915096293228,0,675,0.5
"458",18,31,0.264337341198332,0.269206875129426,0.0222222222222222,720,0.5
"459",18,33,0.229972681803355,0.227790432801822,0.0444444444444444,765,0.5
"460",18,35,0.184909225509036,0.186373990474218,0.0666666666666667,810,0.5
"461",18,37,0.414296438104595,0.186373990474218,0,855,0.5
"462",18,39,0.456758347494722,0.248498653965624,0,900,0.5
"463",18,41,0.431526440940211,0.20708221163802,0.0444444444444444,945,0.5
"464",18,43,0.426943831323773,0.186373990474218,0,990,0.5
"465",18,45,0.439668631881995,0.227790432801822,0,1035,0.5
"466",18,47,0.425461683487338,0.20708221163802,0.0222222222222222,1080,0.5
"467",18,49,0.425461683487338,0.476289086767447,0,1125,0.5
"468",18,51,0.392345297415672,0.434872644439843,0.0444444444444444,1170,0.5
"469",19,1,0.340860930906889,0.372747980948437,0.0444444444444444,45,0.5
"470",19,3,0.323170912017973,0.352039759784635,0,90,0.5
"471",19,5,0.323170912017974,0.352039759784635,0,135,0.5
"472",19,7,0.322239253806105,0.352039759784635,0,180,0.5
"473",19,9,0.520479548515279,0.538413750258853,0.0666666666666667,225,0.5
"474",19,11,0.530728900318818,0.559121971422655,0.111111111111111,270,0.5
"475",19,13,0.339676096450098,0.352039759784635,0.266666666666667,315,0.5
"476",19,15,0.28231442294874,0.248498653965624,0.133333333333333,360,0.5
"477",19,17,0.255172920381973,0.269206875129426,0.133333333333333,405,0.5
"478",19,19,0.213549431932684,0.227790432801822,0.0888888888888889,450,0.5
"479",19,21,0.22977741278122,0.227790432801822,0.0444444444444444,495,0.5
"480",19,23,0.175039391020902,0.165665769310416,0.0888888888888889,540,0.5
"481",19,25,0.205544712832107,0.20708221163802,0.0222222222222222,585,0.5
"482",19,27,0.211126426857427,0.20708221163802,0.0444444444444444,630,0.5
"483",19,29,0.231763854566117,0.248498653965624,0,675,0.5
"484",19,31,0.216372036504295,0.227790432801822,0.0222222222222222,720,0.5
"485",19,33,0.161189587946344,0.165665769310416,0.0666666666666667,765,0.5
"486",19,35,0.14656816072849,0.144957548146614,0.0222222222222222,810,0.5
"487",19,37,0.339350029546554,0.165665769310416,0,855,0.5
"488",19,39,0.386380730970579,0.227790432801822,0.0222222222222222,900,0.5
"489",19,41,0.312742280688436,0.144957548146614,0.0888888888888889,945,0.5
"490",19,43,0.296702235927526,0.124249326982812,0.0222222222222222,990,0.5
"491",19,45,0.304087883266309,0.124249326982812,0,1035,0.5
"492",19,47,0.297595782460718,0.144957548146614,0,1080,0.5
"493",19,49,0.267767037874,0.289915096293228,0,1125,0.5
"494",19,51,0.267767037874,0.289915096293228,0,1170,0.5
"495",20,1,0.267767037874,0.289915096293228,0,45,0.5
"496",20,3,0.267767037874,0.289915096293228,0,90,0.5
"497",20,5,0.267767037874,0.289915096293228,0,135,0.5
"498",20,7,0.267767037874,0.289915096293228,0,180,0.5
"499",20,9,0.510002295664946,0.476289086767447,0.0222222222222222,225,0.5
"500",20,11,0.57163933984341,0.517705529095051,0.0666666666666667,270,0.5
"501",20,13,0.434244861003139,0.414164423276041,0.2,315,0.5
"502",20,15,0.425676451523567,0.393456202112239,0.0666666666666667,360,0.5
"503",20,17,0.405368014394797,0.393456202112239,0.0888888888888889,405,0.5
"504",20,19,0.39861554555435,0.372747980948437,0.111111111111111,450,0.5
"505",20,21,0.347229858599987,0.331331538620832,0.111111111111111,495,0.5
"506",20,23,0.338412984025498,0.31062331745703,0.0666666666666667,540,0.5
"507",20,25,0.338699505122906,0.331331538620832,0.0444444444444444,585,0.5
"508",20,27,0.296896341840781,0.248498653965624,0.111111111111111,630,0.5
"509",20,29,0.279998862891526,0.269206875129426,0.0444444444444444,675,0.5
"510",20,31,0.230065447730762,0.248498653965624,0.0666666666666667,720,0.5
"511",20,33,0.248468384400308,0.248498653965624,0,765,0.5
"512",20,35,0.206266685397329,0.20708221163802,0.0444444444444444,810,0.5
"513",20,37,0.355362420081153,0.186373990474218,0.0444444444444444,855,0.5
"514",20,39,0.359962702284465,0.186373990474218,0.0222222222222222,900,0.5
"515",20,41,0.335955568933803,0.186373990474218,0.0444444444444444,945,0.5
"516",20,43,0.31953287384606,0.165665769310416,0.0222222222222222,990,0.5
"517",20,45,0.318804837586209,0.165665769310416,0.0222222222222222,1035,0.5
"518",20,47,0.265381239456095,0.10354110581901,0.0222222222222222,1080,0.5
"519",20,49,0.285514620292799,0.269206875129426,0.0222222222222222,1125,0.5
"520",20,51,0.303761239622743,0.331331538620832,0.0222222222222222,1170,0.5
"521",21,1,0.262716578644577,0.269206875129426,0.0666666666666667,45,0.5
"522",21,3,0.262716578644577,0.269206875129426,0,90,0.5
"523",21,5,0.260869985674557,0.269206875129426,0,135,0.5
"524",21,7,0.260869985674557,0.269206875129426,0,180,0.5
"525",21,9,0.497317973522909,0.517705529095051,0.0666666666666667,225,0.5
"526",21,11,0.431897869129609,0.455580865603645,0.111111111111111,270,0.5
"527",21,13,0.428675169528573,0.455580865603645,0.0888888888888889,315,0.5
"528",21,15,0.354839789734243,0.372747980948437,0.155555555555556,360,0.5
"529",21,17,0.349786471129341,0.393456202112239,0.0888888888888889,405,0.5
"530",21,19,0.33852297444336,0.352039759784635,0.0666666666666667,450,0.5
"531",21,21,0.351110825467585,0.352039759784635,0.0222222222222222,495,0.5
"532",21,23,0.324444828786255,0.31062331745703,0.0444444444444444,540,0.5
"533",21,25,0.346269826491378,0.331331538620832,0.0666666666666667,585,0.5
"534",21,27,0.336555712239782,0.289915096293228,0.0666666666666667,630,0.5
"535",21,29,0.34024779773179,0.331331538620832,0.0222222222222222,675,0.5
"536",21,31,0.308500255128507,0.31062331745703,0.0444444444444444,720,0.5
"537",21,33,0.31500351815607,0.31062331745703,0,765,0.5
"538",21,35,0.296445276510385,0.31062331745703,0.0222222222222222,810,0.5
"539",21,37,0.564744144326541,0.269206875129426,0.0666666666666667,855,0.5
"540",21,39,0.452415346664073,0.20708221163802,0.0666666666666667,900,0.5
"541",21,41,0.48715754742632,0.20708221163802,0,945,0.5
"542",21,43,0.442263121645182,0.20708221163802,0.0444444444444444,990,0.5
"543",21,45,0.344375441139939,0.165665769310416,0.0444444444444444,1035,0.5
"544",21,47,0.344447941679103,0.165665769310416,0,1080,0.5
"545",21,49,0.284712866077869,0.269206875129426,0.0222222222222222,1125,0.5
"546",21,51,0.284712866077869,0.269206875129426,0,1170,0.5
"547",22,1,0.264503068337942,0.248498653965624,0.0222222222222222,45,0.5
"548",22,3,0.245052431455343,0.227790432801822,0.0222222222222222,90,0.5
"549",22,5,0.245052431455342,0.227790432801822,0,135,0.5
"550",22,7,0.215684408713951,0.20708221163802,0.0222222222222222,180,0.5
"551",22,9,0.51603068836857,0.517705529095051,0.111111111111111,225,0.5
"552",22,11,0.530380379558884,0.517705529095051,0.0888888888888889,270,0.5
"553",22,13,0.491467919638341,0.476289086767447,0.111111111111111,315,0.5
"554",22,15,0.381229181906824,0.352039759784635,0.222222222222222,360,0.5
"555",22,17,0.32469093309551,0.289915096293228,0.0888888888888889,405,0.5
"556",22,19,0.403488489103763,0.372747980948437,0.0666666666666667,450,0.5
"557",22,21,0.3806573984928,0.372747980948437,0.0444444444444444,495,0.5
"558",22,23,0.286797638381768,0.269206875129426,0.155555555555556,540,0.5
"559",22,25,0.24566487041574,0.227790432801822,0.0222222222222222,585,0.5
"560",22,27,0.270135987907034,0.269206875129426,0.0444444444444444,630,0.5
"561",22,29,0.256929928951029,0.248498653965624,0.0444444444444444,675,0.5
"562",22,31,0.203987413206639,0.186373990474218,0.0888888888888889,720,0.5
"563",22,33,0.206046069771071,0.165665769310416,0.0444444444444444,765,0.5
"564",22,35,0.211869637851639,0.20708221163802,0.0222222222222222,810,0.5
"565",22,37,0.292071230677886,0.165665769310416,0.0666666666666667,855,0.5
"566",22,39,0.34045919990303,0.165665769310416,0.0666666666666667,900,0.5
"567",22,41,0.349471759170769,0.186373990474218,0,945,0.5
"568",22,43,0.296548152996187,0.165665769310416,0.0222222222222222,990,0.5
"569",22,45,0.262732526670461,0.124249326982812,0.0444444444444444,1035,0.5
"570",22,47,0.246741074172495,0.124249326982812,0,1080,0.5
"571",22,49,0.218354620811361,0.186373990474218,0.0444444444444444,1125,0.5
"572",22,51,0.193793874114977,0.186373990474218,0.0222222222222222,1170,0.5
"573",23,1,0.182815999984319,0.165665769310416,0,45,0.5
"574",23,3,0.151173743975368,0.124249326982812,0.0222222222222222,90,0.5
"575",23,5,0.124656245604701,0.10354110581901,0,135,0.5
"576",23,7,0.111325852223953,0.0828328846552081,0,180,0.5
"577",23,9,0.339000514012358,0.331331538620832,0.0666666666666667,225,0.5
"578",23,11,0.391640406817523,0.393456202112239,0.155555555555556,270,0.5
"579",23,13,0.483866028725802,0.496997307931249,0.0666666666666667,315,0.5
"580",23,15,0.448554224360092,0.455580865603645,0.177777777777778,360,0.5
"581",23,17,0.451076890510293,0.434872644439843,0.0888888888888889,405,0.5
"582",23,19,0.333011067820247,0.352039759784635,0.155555555555556,450,0.5
"583",23,21,0.286049692790168,0.31062331745703,0.0888888888888889,495,0.5
"584",23,23,0.220608517947867,0.269206875129426,0.111111111111111,540,0.5
"585",23,25,0.195529083392764,0.20708221163802,0.0888888888888889,585,0.5
"586",23,27,0.21793292860876,0.248498653965624,0,630,0.5
"587",23,29,0.202218498086686,0.20708221163802,0.0444444444444444,675,0.5
"588",23,31,0.195691905216869,0.186373990474218,0.0444444444444444,720,0.5
"589",23,33,0.161370816322307,0.165665769310416,0.111111111111111,765,0.5
"590",23,35,0.158899548129379,0.165665769310416,0,810,0.5
"591",23,37,0.320721471277928,0.124249326982812,0.0222222222222222,855,0.5
"592",23,39,0.363139664390731,0.144957548146614,0.0222222222222222,900,0.5
"593",23,41,0.164334009083206,0.124249326982812,0.0666666666666667,945,0.5
"594",23,43,0.12536557481301,0.0828328846552081,0.0444444444444444,990,0.5
"595",23,45,0.127511030131595,0.0828328846552081,0.0222222222222222,1035,0.5
"596",23,47,0.111123033341192,0.0621246634914061,0.0444444444444444,1080,0.5
"597",23,49,0.0957795925542481,0.0414164423276041,0.0222222222222222,1125,0.5
"598",23,51,0.100725566978422,0.0621246634914061,0,1170,0.5
"599",24,1,0.0885474922137059,0.0414164423276041,0.0222222222222222,45,0.5
"600",24,3,0.0869374918081282,0.0414164423276041,0,90,0.5
"601",24,5,0.0869374918081282,0.0414164423276041,0,135,0.5
"602",24,7,0.0596193737880011,0.020708221163802,0.0222222222222222,180,0.5
"603",24,9,0.322080668351269,0.331331538620832,0.0444444444444444,225,0.5
"604",24,11,0.304813239726801,0.269206875129426,0.111111111111111,270,0.5
"605",24,13,0.335767035055824,0.269206875129426,0.111111111111111,315,0.5
"606",24,15,0.330626810498834,0.289915096293228,0.111111111111111,360,0.5
"607",24,17,0.311303458463297,0.269206875129426,0.0222222222222222,405,0.5
"608",24,19,0.270836613439932,0.248498653965624,0.0888888888888889,450,0.5
"609",24,21,0.213953689550098,0.186373990474218,0.0666666666666667,495,0.5
"610",24,23,0.196775679865551,0.165665769310416,0.0444444444444444,540,0.5
"611",24,25,0.188505020941779,0.144957548146614,0.0222222222222222,585,0.5
"612",24,27,0.205101527195849,0.144957548146614,0,630,0.5
"613",24,29,0.182448906994993,0.124249326982812,0.0666666666666667,675,0.5
"614",24,31,0.157560887981931,0.124249326982812,0,720,0.5
"615",24,33,0.132199254136467,0.10354110581901,0.0444444444444444,765,0.5
"616",24,35,0.128808255480497,0.0828328846552081,0.0222222222222222,810,0.5
"617",24,37,0.165473039028496,0.0621246634914061,0.0444444444444444,855,0.5
"618",24,39,0.318974203782919,0.227790432801822,0.0222222222222222,900,0.5
"619",24,41,0.316021961483763,0.186373990474218,0.0666666666666667,945,0.5
"620",24,43,0.298940420393608,0.165665769310416,0.0222222222222222,990,0.5
"621",24,45,0.287023192996405,0.144957548146614,0,1035,0.5
"622",24,47,0.174736401429203,0.10354110581901,0.0444444444444444,1080,0.5
"623",24,49,0.124954489242426,0.0828328846552081,0.0666666666666667,1125,0.5
"624",24,51,0.116438588746357,0.0621246634914061,0.0222222222222222,1170,0.5
"625",25,1,0.108119922244441,0.0828328846552081,0.0222222222222222,45,0.5
"626",25,3,0.0924992175291874,0.0621246634914061,0.0444444444444444,90,0.5
"627",25,5,0.0543548670984819,0.020708221163802,0.0444444444444444,135,0.5
"628",25,7,0.0335720217142698,0,0.0444444444444444,180,0.5
"629",25,9,0.356241711302893,0.331331538620832,0.0222222222222222,225,0.5
"630",25,11,0.323343193759614,0.289915096293228,0.133333333333333,270,0.5
"631",25,13,0.341585688861355,0.269206875129426,0.0666666666666667,315,0.5
"632",25,15,0.248411305338603,0.186373990474218,0.155555555555556,360,0.5
"633",25,17,0.260225152900842,0.20708221163802,0.0666666666666667,405,0.5
"634",25,19,0.291354627627404,0.248498653965624,0.0666666666666667,450,0.5
"635",25,21,0.272189166579739,0.227790432801822,0.0666666666666667,495,0.5
"636",25,23,0.224260157281043,0.186373990474218,0.0888888888888889,540,0.5
"637",25,25,0.167680097348166,0.144957548146614,0.111111111111111,585,0.5
"638",25,27,0.173056660814364,0.144957548146614,0,630,0.5
"639",25,29,0.150473446450168,0.124249326982812,0.0222222222222222,675,0.5
"640",25,31,0.092922436077254,0.0621246634914061,0.0666666666666667,720,0.5
"641",25,33,0.10322524904506,0.0621246634914061,0,765,0.5
"642",25,35,0.0914892789488553,0.0621246634914061,0,810,0.5
"643",25,37,0.150147230764388,0.0621246634914061,0.0444444444444444,855,0.5
"644",25,39,0.217343748930264,0.0828328846552081,0,900,0.5
"645",25,41,0.242132476490197,0.10354110581901,0,945,0.5
"646",25,43,0.217462113835426,0.0828328846552081,0.0222222222222222,990,0.5
"647",25,45,0.222033761836819,0.10354110581901,0.0222222222222222,1035,0.5
"648",25,47,0.172412911869185,0.0621246634914061,0.0666666666666667,1080,0.5
"649",25,49,0.154395772123446,0.0414164423276041,0.0222222222222222,1125,0.5
"650",25,51,0.1017332659182,0,0.0444444444444444,1170,0.5
"651",26,1,0.0870614493041697,0,0.0222222222222222,45,0.5
"652",26,3,0.0870614493041698,0,0,90,0.5
"653",26,5,0.105635396977552,0.020708221163802,0,135,0.5
"654",26,7,0.0909180410998581,0.020708221163802,0.0222222222222222,180,0.5
"655",26,9,0.370780926791476,0.31062331745703,0.0222222222222222,225,0.5
"656",26,11,0.389134220236752,0.331331538620832,0.0888888888888889,270,0.5
"657",26,13,0.378626595075529,0.269206875129426,0.0888888888888889,315,0.5
"658",26,15,0.404267865849815,0.31062331745703,0.0666666666666667,360,0.5
"659",26,17,0.436671390549453,0.352039759784635,0.0222222222222222,405,0.5
"660",26,19,0.387122546554806,0.31062331745703,0.0666666666666667,450,0.5
"661",26,21,0.297235031002225,0.20708221163802,0.0888888888888889,495,0.5
"662",26,23,0.231709454393751,0.124249326982812,0.0666666666666667,540,0.5
"663",26,25,0.217431074681837,0.124249326982812,0.0444444444444444,585,0.5
"664",26,27,0.185711552187872,0.124249326982812,0.0444444444444444,630,0.5
"665",26,29,0.225366729120475,0.186373990474218,0,675,0.5
"666",26,31,0.180058878734247,0.124249326982812,0.0666666666666667,720,0.5
"667",26,33,0.166164395267119,0.10354110581901,0.0222222222222222,765,0.5
"668",26,35,0.123515950421881,0.0828328846552081,0.0444444444444444,810,0.5
"669",26,37,0.305545778087358,0.124249326982812,0.0222222222222222,855,0.5
"670",26,39,0.340025766970351,0.144957548146614,0.0222222222222222,900,0.5
"671",26,41,0.333270097253607,0.165665769310416,0.0222222222222222,945,0.5
"672",26,43,0.315151323882899,0.144957548146614,0.0222222222222222,990,0.5
"673",26,45,0.153953590640224,0.10354110581901,0.0888888888888889,1035,0.5
"674",26,47,0.187087030362236,0.124249326982812,0,1080,0.5
"675",26,49,0.149503144397412,0.10354110581901,0.0666666666666667,1125,0.5
"676",26,51,0.107208291069182,0.0621246634914061,0.0444444444444444,1170,0.5
"677",27,1,0.107534497182924,0.0621246634914061,0,45,0.5
"678",27,3,0.107534497182924,0.0621246634914061,0,90,0.5
"679",27,5,0.0889180155306177,0.0414164423276041,0.0222222222222222,135,0.5
"680",27,7,0.0827418793940453,0.0414164423276041,0,180,0.5
"681",27,9,0.382314678299332,0.372747980948437,0.111111111111111,225,0.5
"682",27,11,0.503983517175128,0.476289086767447,0.0444444444444444,270,0.5
"683",27,13,0.457623855833472,0.434872644439843,0.133333333333333,315,0.5
"684",27,15,0.417376907539793,0.414164423276041,0.0666666666666667,360,0.5
"685",27,17,0.425501581550141,0.414164423276041,0.0888888888888889,405,0.5
"686",27,19,0.273265719337914,0.248498653965624,0.177777777777778,450,0.5
"687",27,21,0.252132231769585,0.20708221163802,0.0888888888888889,495,0.5
"688",27,23,0.195252328338156,0.165665769310416,0.0666666666666667,540,0.5
"689",27,25,0.20850674987811,0.186373990474218,0.0444444444444444,585,0.5
"690",27,27,0.199278178823067,0.165665769310416,0.0444444444444444,630,0.5
"691",27,29,0.158973890762075,0.124249326982812,0.0444444444444444,675,0.5
"692",27,31,0.172726146904979,0.144957548146614,0.0444444444444444,720,0.5
"693",27,33,0.181115104516827,0.186373990474218,0,765,0.5
"694",27,35,0.138814196775572,0.124249326982812,0.0666666666666667,810,0.5
"695",27,37,0.354142156876364,0.144957548146614,0.0222222222222222,855,0.5
"696",27,39,0.470913044104738,0.248498653965624,0,900,0.5
"697",27,41,0.480662813635409,0.248498653965624,0.0222222222222222,945,0.5
"698",27,43,0.451770456496163,0.269206875129426,0,990,0.5
"699",27,45,0.453213368987227,0.269206875129426,0,1035,0.5
"700",27,47,0.39100247486676,0.227790432801822,0.0444444444444444,1080,0.5
"701",27,49,0.346522482286366,0.372747980948437,0.0444444444444444,1125,0.5
"702",27,51,0.329581788387649,0.352039759784635,0.0444444444444444,1170,0.5
