"","year","week","total.fox.density","all.but.cub.density","bait.take","bait.cost","baitfreq"
"1",1,1,1.67874084901922,1.80161524125078,0,0,"spring"
"2",1,3,1.67562545291493,1.80161524125078,0,0,"spring"
"3",1,5,1.66884488492324,1.80161524125078,0,0,"spring"
"4",1,7,1.62614563243505,1.76019879892317,0,0,"spring"
"5",1,9,1.62742844259564,1.76019879892317,0,0,"spring"
"6",1,11,1.59558701417711,1.71878235659557,0,0,"spring"
"7",1,13,1.58372126783841,1.71878235659557,0,0,"spring"
"8",1,15,1.53918942940652,1.67736591426796,0,0,"spring"
"9",1,17,1.48247089444903,1.61524125077656,0,0,"spring"
"10",1,19,1.44242889157919,1.57382480844895,0,0,"spring"
"11",1,21,1.3735236600961,1.51170014495755,0,0,"spring"
"12",1,23,1.3278006408008,1.44957548146614,0,0,"spring"
"13",1,25,1.30695472804447,1.42886726030234,0,0,"spring"
"14",1,27,1.22315998341557,1.34603437564713,0,0,"spring"
"15",1,29,1.21418031229145,1.34603437564713,0,0,"spring"
"16",1,31,1.2132640193196,1.34603437564713,0,0,"spring"
"17",1,33,1.11567881781761,1.24249326982812,0,0,"spring"
"18",1,35,1.11796955024723,1.24249326982812,0,0,"spring"
"19",1,37,2.50244315900383,1.18036860633672,0,0,"spring"
"20",1,39,2.45003120101401,1.15966038517291,0.222222222222222,45,"spring"
"21",1,41,2.38433299493239,1.13895216400911,0,45,"spring"
"22",1,43,2.36050937766432,1.13895216400911,0,45,"spring"
"23",1,45,2.24688904915495,1.09753572168151,0,45,"spring"
"24",1,47,2.20776333925697,1.09753572168151,0,45,"spring"
"25",1,49,2.13262731556529,2.42286187616484,0,45,"spring"
"26",1,51,2.12263972217215,2.40215365500104,0,45,"spring"
"27",2,1,2.04393015589026,2.31932077034583,0,45,"spring"
"28",2,3,1.95165945362496,2.21577966452682,0,45,"spring"
"29",2,5,1.91665706210031,2.15365500103541,0,45,"spring"
"30",2,7,1.83244973798731,2.0708221163802,0,45,"spring"
"31",2,9,1.74219438496658,1.92586456823359,0,45,"spring"
"32",2,11,1.60667465443004,1.78090702008697,0,45,"spring"
"33",2,13,1.5240250283692,1.67736591426796,0,45,"spring"
"34",2,15,1.45741052931572,1.59453302961276,0,45,"spring"
"35",2,17,1.43060871224237,1.55311658728515,0,45,"spring"
"36",2,19,1.32825878728674,1.42886726030234,0,45,"spring"
"37",2,21,1.28116132853367,1.38745081797474,0,45,"spring"
"38",2,23,1.23296431821438,1.34603437564713,0,45,"spring"
"39",2,25,1.17597089536533,1.28390971215573,0,45,"spring"
"40",2,27,1.06345011842219,1.15966038517291,0,45,"spring"
"41",2,29,1.06115938599257,1.15966038517291,0,45,"spring"
"42",2,31,1.02872261478909,1.13895216400911,0,45,"spring"
"43",2,33,0.973332456994026,1.07682750051771,0,45,"spring"
"44",2,35,0.93558118655382,1.0354110581901,0,45,"spring"
"45",2,37,1.92696411979987,0.993994615862497,0,45,"spring"
"46",2,39,1.84733826054616,0.931869952371091,0.222222222222222,90,"spring"
"47",2,41,1.80446167573653,0.911161731207289,0,90,"spring"
"48",2,43,1.76405315567796,0.869745288879685,0,90,"spring"
"49",2,45,1.70192849218655,0.849037067715883,0,90,"spring"
"50",2,47,1.65418962835317,0.828328846552081,0,90,"spring"
"51",2,49,1.60571773014231,1.76019879892317,0,90,"spring"
"52",2,51,1.54945734167073,1.69807413543177,0,90,"spring"
"53",3,1,1.44784045109258,1.59453302961276,0,90,"spring"
"54",3,3,1.43931300018143,1.59453302961276,0,90,"spring"
"55",3,5,1.39707189417915,1.55311658728515,0,90,"spring"
"56",3,7,1.3778297417703,1.53240836612135,0,90,"spring"
"57",3,9,1.49768086248828,1.63594947194036,0,90,"spring"
"58",3,11,1.61359192342726,1.71878235659557,0,90,"spring"
"59",3,13,1.47962989094282,1.55311658728515,0,90,"spring"
"60",3,15,1.37508086285476,1.44957548146614,0,90,"spring"
"61",3,17,1.37691344879846,1.44957548146614,0,90,"spring"
"62",3,19,1.33439745490464,1.40815903913854,0,90,"spring"
"63",3,21,1.2571539573777,1.34603437564713,0,90,"spring"
"64",3,23,1.20739924900627,1.28390971215573,0,90,"spring"
"65",3,25,1.17377129693939,1.24249326982812,0,90,"spring"
"66",3,27,1.14848161091634,1.22178504866432,0,90,"spring"
"67",3,29,1.10660702210282,1.18036860633672,0,90,"spring"
"68",3,31,1.06308310593995,1.13895216400911,0,90,"spring"
"69",3,33,1.0048985022275,1.07682750051771,0,90,"spring"
"70",3,35,0.969346334919735,1.0354110581901,0,90,"spring"
"71",3,37,2.4617126981713,1.07682750051771,0,90,"spring"
"72",3,39,2.44936177715655,1.11824394284531,0.133333333333333,135,"spring"
"73",3,41,2.40404439835261,1.0561192793539,0,135,"spring"
"74",3,43,2.29619671556588,1.0354110581901,0,135,"spring"
"75",3,45,2.24314335249579,1.0354110581901,0,135,"spring"
"76",3,47,2.15435456352358,1.0354110581901,0,135,"spring"
"77",3,49,2.13813617792184,2.54711120314765,0,135,"spring"
"78",3,51,2.03477833069721,2.44357009732864,0,135,"spring"
"79",4,1,2.00701465365016,2.40215365500104,0,135,"spring"
"80",4,3,1.95057100658423,2.34002899150963,0,135,"spring"
"81",4,5,1.89440224740984,2.25719610685442,0,135,"spring"
"82",4,7,1.83126966164939,2.19507144336302,0,135,"spring"
"83",4,9,1.73997340976372,2.0086974528888,0,135,"spring"
"84",4,11,1.68032273729632,1.88444812590598,0,135,"spring"
"85",4,13,1.61022632494982,1.80161524125078,0,135,"spring"
"86",4,15,1.55515711734166,1.73949057775937,0,135,"spring"
"87",4,17,1.45573932989595,1.61524125077656,0,135,"spring"
"88",4,19,1.37950375463806,1.53240836612135,0,135,"spring"
"89",4,21,1.35119030180791,1.51170014495755,0,135,"spring"
"90",4,23,1.33048208064411,1.49099192379375,0,135,"spring"
"91",4,25,1.30106907624773,1.47028370262994,0,135,"spring"
"92",4,27,1.21392961462482,1.36674259681093,0,135,"spring"
"93",4,29,1.16674052657457,1.32532615448333,0,135,"spring"
"94",4,31,1.12040957408835,1.26320149099192,0,135,"spring"
"95",4,33,1.12178401354613,1.26320149099192,0,135,"spring"
"96",4,35,1.11555322133755,1.24249326982812,0,135,"spring"
"97",4,37,2.52273781009658,1.26320149099192,0,135,"spring"
"98",4,39,2.45077533991701,1.22178504866432,0.288888888888889,180,"spring"
"99",4,41,2.41723901714732,1.22178504866432,0,180,"spring"
"100",4,43,2.32606786644826,1.15966038517291,0,180,"spring"
"101",4,45,2.18037728392415,1.11824394284531,0,180,"spring"
"102",4,47,2.14143483262052,1.13895216400911,0,180,"spring"
"103",4,49,2.01480314391089,2.29861254918203,0,180,"spring"
"104",4,51,1.97521928752698,2.25719610685442,0,180,"spring"
"105",5,1,1.94250762843194,2.19507144336302,0,180,"spring"
"106",5,3,1.84134888433973,2.0708221163802,0,180,"spring"
"107",5,5,1.82549701592673,2.0501138952164,0,180,"spring"
"108",5,7,1.78041540171172,2.0086974528888,0,180,"spring"
"109",5,9,1.70249702721509,1.94657278939739,0,180,"spring"
"110",5,11,1.46215338069893,1.63594947194036,0,180,"spring"
"111",5,13,1.51942169143953,1.67736591426796,0,180,"spring"
"112",5,15,1.47030838814839,1.59453302961276,0,180,"spring"
"113",5,17,1.4373218411618,1.55311658728515,0,180,"spring"
"114",5,19,1.41120749146407,1.53240836612135,0,180,"spring"
"115",5,21,1.37437251399572,1.49099192379375,0,180,"spring"
"116",5,23,1.33084859783286,1.44957548146614,0,180,"spring"
"117",5,25,1.32525921070458,1.44957548146614,0,180,"spring"
"118",5,27,1.28952378480244,1.40815903913854,0,180,"spring"
"119",5,29,1.25204740225378,1.36674259681093,0,180,"spring"
"120",5,31,1.21264680446425,1.32532615448333,0,180,"spring"
"121",5,33,1.19578701378222,1.32532615448333,0,180,"spring"
"122",5,35,1.15550359491021,1.28390971215573,0,180,"spring"
"123",5,37,2.4444018737799,1.26320149099192,0,180,"spring"
"124",5,39,2.3541399032762,1.13895216400911,0.222222222222222,225,"spring"
"125",5,41,2.26443482133214,1.13895216400911,0,225,"spring"
"126",5,43,2.15228056157772,1.07682750051771,0,225,"spring"
"127",5,45,2.18627503083335,1.13895216400911,0,225,"spring"
"128",5,47,2.18627503083335,1.13895216400911,0,225,"spring"
"129",5,49,2.12185963491232,2.36073721267343,0,225,"spring"
"130",5,51,2.06743183238445,2.29861254918203,0,225,"spring"
"131",6,1,1.99550283409425,2.21577966452682,0,225,"spring"
"132",6,3,1.92971299871543,2.15365500103541,0,225,"spring"
"133",6,5,1.82974543548662,2.0501138952164,0,225,"spring"
"134",6,7,1.72345545075206,1.92586456823359,0,225,"spring"
"135",6,9,1.80848743853968,1.96728101056119,0,225,"spring"
"136",6,11,1.73472585430577,1.90515634706979,0,225,"spring"
"137",6,13,1.59251718507471,1.71878235659557,0,225,"spring"
"138",6,15,1.52388684148316,1.63594947194036,0,225,"spring"
"139",6,17,1.49804737967699,1.61524125077656,0,225,"spring"
"140",6,19,1.48072944250903,1.59453302961276,0,225,"spring"
"141",6,21,1.45818863540153,1.57382480844895,0,225,"spring"
"142",6,23,1.41860477901763,1.53240836612135,0,225,"spring"
"143",6,25,1.32285216345933,1.42886726030234,0,225,"spring"
"144",6,27,1.31689625914231,1.42886726030234,0,225,"spring"
"145",6,29,1.25330552689594,1.36674259681093,0,225,"spring"
"146",6,31,1.18861524308336,1.28390971215573,0,225,"spring"
"147",6,33,1.10898938382962,1.22178504866432,0,225,"spring"
"148",6,35,1.06574035555831,1.18036860633672,0,225,"spring"
"149",6,37,2.28257742217473,1.13895216400911,0,225,"spring"
"150",6,39,2.15786994870597,1.09753572168151,0.266666666666667,270,"spring"
"151",6,41,2.12708250485184,1.07682750051771,0,270,"spring"
"152",6,43,2.07851897734381,1.09753572168151,0,270,"spring"
"153",6,45,2.04699849911218,1.07682750051771,0,270,"spring"
"154",6,47,2.0131872884509,1.07682750051771,0,270,"spring"
"155",6,49,1.97754349184596,2.31932077034583,0,270,"spring"
"156",6,51,1.8956269001626,2.21577966452682,0,270,"spring"
"157",7,1,1.84413123514465,2.15365500103541,0,270,"spring"
"158",7,3,1.79492630255632,2.091530337544,0,270,"spring"
"159",7,5,1.76551329815995,2.0501138952164,0,270,"spring"
"160",7,7,1.71401763314199,1.98798923172499,0,270,"spring"
"161",7,9,1.4946570956812,1.67736591426796,0,270,"spring"
"162",7,11,1.31268131147183,1.44957548146614,0,270,"spring"
"163",7,13,1.28675022036849,1.40815903913854,0,270,"spring"
"164",7,15,1.23268893502934,1.36674259681093,0,270,"spring"
"165",7,17,1.23681225340265,1.36674259681093,0,270,"spring"
"166",7,19,1.25147294095224,1.36674259681093,0,270,"spring"
"167",7,21,1.20272615484984,1.30461793331953,0,270,"spring"
"168",7,23,1.16864005629703,1.28390971215573,0,270,"spring"
"169",7,25,1.14866486951071,1.26320149099192,0,270,"spring"
"170",7,27,1.1536128515587,1.26320149099192,0,270,"spring"
"171",7,29,1.11842720143966,1.22178504866432,0,270,"spring"
"172",7,31,1.01543587140376,1.11824394284531,0,270,"spring"
"173",7,33,0.982266065822806,1.09753572168151,0,270,"spring"
"174",7,35,0.939933330523351,1.0561192793539,0,270,"spring"
"175",7,37,2.38639341588531,1.0354110581901,0,270,"spring"
"176",7,39,2.37622256389777,1.07682750051771,0.311111111111111,315,"spring"
"177",7,41,2.33334005281522,1.07682750051771,0,315,"spring"
"178",7,43,2.2085409500493,0.973286394698695,0,315,"spring"
"179",7,45,2.22530911143415,1.0147028370263,0,315,"spring"
"180",7,47,2.08905634652009,0.911161731207289,0,315,"spring"
"181",7,49,2.02674842443435,2.31932077034583,0,315,"spring"
"182",7,51,1.9246733873703,2.19507144336302,0,315,"spring"
"183",8,1,1.86960417976211,2.11223855870781,0,315,"spring"
"184",8,3,1.83047846986413,2.0708221163802,0,315,"spring"
"185",8,5,1.76303930713598,1.98798923172499,0,315,"spring"
"186",8,7,1.75992391103169,2.0086974528888,0,315,"spring"
"187",8,9,1.51655649770841,1.63594947194036,0,315,"spring"
"188",8,11,1.32367682713403,1.44957548146614,0,315,"spring"
"189",8,13,1.29499685711512,1.42886726030234,0,315,"spring"
"190",8,15,1.33430582560747,1.47028370262994,0,315,"spring"
"191",8,17,1.29976158056874,1.42886726030234,0,315,"spring"
"192",8,19,1.19961075874557,1.30461793331953,0,315,"spring"
"193",8,21,1.18421703681849,1.30461793331953,0,315,"spring"
"194",8,23,1.16350881565469,1.28390971215573,0,315,"spring"
"195",8,25,1.16350881565469,1.28390971215573,0,315,"spring"
"196",8,27,1.14280059449088,1.26320149099192,0,315,"spring"
"197",8,29,1.10413303107883,1.22178504866432,0,315,"spring"
"198",8,31,1.06629013134143,1.18036860633672,0,315,"spring"
"199",8,33,1.08635694742495,1.20107682750052,0,315,"spring"
"200",8,35,1.06381614031744,1.18036860633672,0,315,"spring"
"201",8,37,2.45474887158529,1.13895216400911,0,315,"spring"
"202",8,39,2.41516501520142,1.15966038517291,0.311111111111111,360,"spring"
"203",8,41,2.37438997795411,1.11824394284531,0,360,"spring"
"204",8,43,2.34140343096751,1.11824394284531,0,360,"spring"
"205",8,45,2.27882062099016,1.09753572168151,0,360,"spring"
"206",8,47,2.1328551505745,1.0354110581901,0,360,"spring"
"207",8,49,2.04379147371072,2.27790432801822,0,360,"spring"
"208",8,51,1.96086695975834,2.19507144336302,0,360,"spring"
"209",9,1,1.90451494198958,2.11223855870781,0,360,"spring"
"210",9,3,1.85769237112804,2.0708221163802,0,360,"spring"
"211",9,5,1.75818295438516,1.96728101056119,0,360,"spring"
"212",9,7,1.66902764822417,1.88444812590598,0,360,"spring"
"213",9,9,1.68753676625553,1.86373990474218,0,360,"spring"
"214",9,11,1.55137563063867,1.69807413543177,0,360,"spring"
"215",9,13,1.54102152005676,1.69807413543177,0,360,"spring"
"216",9,15,1.4633198760439,1.61524125077656,0,360,"spring"
"217",9,17,1.41063303016254,1.53240836612135,0,360,"spring"
"218",9,19,1.38864199883815,1.51170014495755,0,360,"spring"
"219",9,21,1.37086591518426,1.49099192379375,0,360,"spring"
"220",9,23,1.34814184948239,1.47028370262994,0,360,"spring"
"221",9,25,1.31533856109017,1.42886726030234,0,360,"spring"
"222",9,27,1.27905335940492,1.38745081797474,0,360,"spring"
"223",9,29,1.26008609488764,1.36674259681093,0,360,"spring"
"224",9,31,1.25687906948616,1.36674259681093,0,360,"spring"
"225",9,33,1.23617084832236,1.34603437564713,0,360,"spring"
"226",9,35,1.18027697703953,1.28390971215573,0,360,"spring"
"227",9,37,2.44127936489914,1.32532615448333,0,360,"spring"
"228",9,39,2.40224528429835,1.32532615448333,0.244444444444444,405,"spring"
"229",9,41,2.34039876662905,1.30461793331953,0,405,"spring"
"230",9,43,2.27011909568818,1.28390971215573,0,405,"spring"
"231",9,45,2.21477174225788,1.24249326982812,0,405,"spring"
"232",9,47,2.12442525523351,1.15966038517291,0,405,"spring"
"233",9,49,2.10903153330643,2.40215365500104,0,405,"spring"
"234",9,51,2.09840253483298,2.40215365500104,0,405,"spring"
"235",10,1,2.02830612248647,2.31932077034583,0,405,"spring"
"236",10,3,2.01630268455523,2.31932077034583,0,405,"spring"
"237",10,5,2.00457413451556,2.31932077034583,0,405,"spring"
"238",10,7,2.00045081614223,2.29861254918203,0,405,"spring"
"239",10,9,1.92962136941816,2.13294677987161,0,405,"spring"
"240",10,11,1.83423527104864,2.0086974528888,0,405,"spring"
"241",10,13,1.76157323838096,1.92586456823359,0,405,"spring"
"242",10,15,1.70293048818259,1.84303168357838,0,405,"spring"
"243",10,17,1.67351748378622,1.80161524125078,0,405,"spring"
"244",10,19,1.66618714001142,1.80161524125078,0,405,"spring"
"245",10,21,1.64456262587577,1.78090702008697,0,405,"spring"
"246",10,23,1.60094708041573,1.73949057775937,0,405,"spring"
"247",10,25,1.55678175917257,1.69807413543177,0,405,"spring"
"248",10,27,1.53708146027781,1.67736591426796,0,405,"spring"
"249",10,29,1.49511524216709,1.63594947194036,0,405,"spring"
"250",10,31,1.46038773853399,1.59453302961276,0,405,"spring"
"251",10,33,1.4157642708049,1.55311658728515,0,405,"spring"
"252",10,35,1.3743478284773,1.51170014495755,0,405,"spring"
"253",10,37,2.78452271215401,1.47028370262994,0,405,"spring"
"254",10,39,2.66824513402631,1.44957548146614,0.355555555555556,450,"spring"
"255",10,41,2.63360925969038,1.40815903913854,0,450,"spring"
"256",10,43,2.59338399822619,1.38745081797474,0,450,"spring"
"257",10,45,2.44925111375423,1.34603437564713,0,450,"spring"
"258",10,47,2.35688878219178,1.30461793331953,0,450,"spring"
"259",10,49,2.3122653144627,2.67136053013046,0,450,"spring"
"260",10,51,2.26974932056888,2.62994408780286,0,450,"spring"
"261",11,1,2.19946964962801,2.56781942431145,0,450,"spring"
"262",11,3,2.06908115973378,2.40215365500104,0,450,"spring"
"263",11,5,1.97809326762909,2.27790432801822,0,450,"spring"
"264",11,7,1.95234543512011,2.25719610685442,0,450,"spring"
"265",11,9,1.96352420937665,2.19507144336302,0,450,"spring"
"266",11,11,1.85246950118847,2.0501138952164,0,450,"spring"
"267",11,13,1.72574618318166,1.90515634706979,0,450,"spring"
"268",11,15,1.57648205806734,1.73949057775937,0,450,"spring"
"269",11,17,1.47239117646521,1.61524125077656,0,450,"spring"
"270",11,19,1.44646008536187,1.59453302961276,0,450,"spring"
"271",11,21,1.3658263038391,1.51170014495755,0,450,"spring"
"272",11,23,1.32120283611002,1.47028370262994,0,450,"spring"
"273",11,25,1.30947428607034,1.44957548146614,0,450,"spring"
"274",11,27,1.30947428607034,1.44957548146614,0,450,"spring"
"275",11,29,1.19182226848484,1.32532615448333,0,450,"spring"
"276",11,31,1.16314229846594,1.28390971215573,0,450,"spring"
"277",11,33,1.15040582615723,1.28390971215573,0,450,"spring"
"278",11,35,1.104224660376,1.22178504866432,0,450,"spring"
"279",11,37,2.64497129254131,1.22178504866432,0,450,"spring"
"280",11,39,2.61354244360688,1.24249326982812,0.266666666666667,495,"spring"
"281",11,41,2.56772779501438,1.20107682750052,0,495,"spring"
"282",11,43,2.44787667429646,1.11824394284531,0,495,"spring"
"283",11,45,2.35029147279447,1.0561192793539,0,495,"spring"
"284",11,47,2.24665873767829,1.0561192793539,0,495,"spring"
"285",11,49,2.10857338682054,2.46427831849244,0,495,"spring"
"286",11,51,2.03270432875139,2.38144543383723,0,495,"spring"
"287",12,1,1.91853422445889,2.25719610685442,0,495,"spring"
"288",12,3,1.8093121022144,2.13294677987161,0,495,"spring"
"289",12,5,1.77953258062929,2.11223855870781,0,495,"spring"
"290",12,7,1.73866591408479,2.0708221163802,0,495,"spring"
"291",12,9,1.5825295916815,1.84303168357838,0,495,"spring"
"292",12,11,1.54679416577939,1.78090702008697,0,495,"spring"
"293",12,13,1.51005081760824,1.69807413543177,0,495,"spring"
"294",12,15,1.49438220778961,1.67736591426796,0,495,"spring"
"295",12,17,1.40421897935959,1.57382480844895,0,495,"spring"
"296",12,19,1.42840911381642,1.59453302961276,0,495,"spring"
"297",12,21,1.3663760796222,1.53240836612135,0,495,"spring"
"298",12,23,1.2682411023371,1.42886726030234,0,495,"spring"
"299",12,25,1.24625007101271,1.38745081797474,0,495,"spring"
"300",12,27,1.22132690217839,1.36674259681093,0,495,"spring"
"301",12,29,1.16185948830535,1.30461793331953,0,495,"spring"
"302",12,31,1.14994767967131,1.30461793331953,0,495,"spring"
"303",12,33,1.15095560194035,1.30461793331953,0,495,"spring"
"304",12,35,1.11989327019464,1.26320149099192,0,495,"spring"
"305",12,37,2.82868803339709,1.28390971215573,0,495,"spring"
"306",12,39,2.75080313078989,1.22178504866432,0.266666666666667,540,"spring"
"307",12,41,2.55453317621973,1.15966038517291,0,540,"spring"
"308",12,43,2.52814393863047,1.15966038517291,0,540,"spring"
"309",12,45,2.44512779538089,1.13895216400911,0,540,"spring"
"310",12,47,2.26837488111109,1.07682750051771,0,540,"spring"
"311",12,49,2.15310522525241,2.44357009732864,0,540,"spring"
"312",12,51,2.05231299834893,2.34002899150963,0,540,"spring"
"313",13,1,1.99422002393365,2.27790432801822,0,540,"spring"
"314",13,3,1.88536441887788,2.15365500103541,0,540,"spring"
"315",13,5,1.73500074219734,1.98798923172499,0,540,"spring"
"316",13,7,1.68093945685821,1.92586456823359,0,540,"spring"
"317",13,9,1.78704618299839,1.94657278939739,0,540,"spring"
"318",13,11,1.65665769310419,1.80161524125078,0,540,"spring"
"319",13,13,1.63072660200083,1.76019879892317,0,540,"spring"
"320",13,15,1.54615276069909,1.65665769310416,0,540,"spring"
"321",13,17,1.51774767857175,1.63594947194036,0,540,"spring"
"322",13,19,1.44939222287177,1.55311658728515,0,540,"spring"
"323",13,21,1.42126202863599,1.53240836612135,0,540,"spring"
"324",13,23,1.35070746980357,1.47028370262994,0,540,"spring"
"325",13,25,1.26375126677504,1.36674259681093,0,540,"spring"
"326",13,27,1.27813706643308,1.38745081797474,0,540,"spring"
"327",13,29,1.23122286627437,1.34603437564713,0,540,"spring"
"328",13,31,1.22297622952773,1.34603437564713,0,540,"spring"
"329",13,33,1.22297622952773,1.34603437564713,0,540,"spring"
"330",13,35,1.20043542242022,1.32532615448333,0,540,"spring"
"331",13,37,2.70123168101283,1.30461793331953,0,540,"spring"
"332",13,39,2.60428788459112,1.28390971215573,0.333333333333333,585,"spring"
"333",13,41,2.45126695829224,1.20107682750052,0,585,"spring"
"334",13,43,2.42973407345378,1.20107682750052,0,585,"spring"
"335",13,45,2.30979132343867,1.15966038517291,0,585,"spring"
"336",13,47,2.25637144317984,1.15966038517291,0,585,"spring"
"337",13,49,2.22219371532985,2.54711120314765,0,585,"spring"
"338",13,51,2.11352136886851,2.42286187616484,0,585,"spring"
"339",14,1,2.01227099547911,2.31932077034583,0,585,"spring"
"340",14,3,1.93750148897617,2.23648788569062,0,585,"spring"
"341",14,5,1.86997069695083,2.17436322219921,0,585,"spring"
"342",14,7,1.86905440397899,2.15365500103541,0,585,"spring"
"343",14,9,1.7010062729417,1.92586456823359,0,585,"spring"
"344",14,11,1.73353467344239,1.92586456823359,0,585,"spring"
"345",14,13,1.68936935219923,1.86373990474218,0,585,"spring"
"346",14,15,1.69514199792188,1.84303168357838,0,585,"spring"
"347",14,17,1.7054044792066,1.84303168357838,0,585,"spring"
"348",14,19,1.67012719979039,1.80161524125078,0,585,"spring"
"349",14,21,1.60186337338758,1.73949057775937,0,585,"spring"
"350",14,23,1.54560298491602,1.67736591426796,0,585,"spring"
"351",14,25,1.45388205843386,1.59453302961276,0,585,"spring"
"352",14,27,1.41878803761202,1.55311658728515,0,585,"spring"
"353",14,29,1.40935022000196,1.53240836612135,0,585,"spring"
"354",14,31,1.39899610942006,1.51170014495755,0,585,"spring"
"355",14,33,1.38790896446068,1.51170014495755,0,585,"spring"
"356",14,35,1.34841673737396,1.47028370262994,0,585,"spring"
"357",14,37,2.71305186034972,1.42886726030234,0,585,"spring"
"358",14,39,2.59356725682053,1.30461793331953,0.244444444444444,630,"spring"
"359",14,41,2.54417906563782,1.28390971215573,0,630,"spring"
"360",14,43,2.47793108377308,1.24249326982812,0,630,"spring"
"361",14,45,2.44549431256961,1.24249326982812,0,630,"spring"
"362",14,47,2.37814677913869,1.24249326982812,0,630,"spring"
"363",14,49,2.16162674989058,2.36073721267343,0,630,"spring"
"364",14,51,2.08474976955239,2.27790432801822,0,630,"spring"
"365",15,1,2.07641150350856,2.25719610685442,0,630,"spring"
"366",15,3,2.00191688489716,2.19507144336302,0,630,"spring"
"367",15,5,1.98120866373337,2.17436322219921,0,630,"spring"
"368",15,7,1.93750148897613,2.13294677987161,0,630,"spring"
"369",15,9,1.80738788697347,1.96728101056119,0,630,"spring"
"370",15,11,1.75827458368231,1.90515634706979,0,630,"spring"
"371",15,13,1.66517921774238,1.80161524125078,0,630,"spring"
"372",15,15,1.61899805196115,1.73949057775937,0,630,"spring"
"373",15,17,1.50345350821091,1.63594947194036,0,630,"spring"
"374",15,19,1.41732196885704,1.51170014495755,0,630,"spring"
"375",15,21,1.32450149080867,1.40815903913854,0,630,"spring"
"376",15,23,1.25761210386364,1.34603437564713,0,630,"spring"
"377",15,25,1.24285978701686,1.32532615448333,0,630,"spring"
"378",15,27,1.21317189472893,1.28390971215573,0,630,"spring"
"379",15,29,1.17175545240132,1.24249326982812,0,630,"spring"
"380",15,31,1.16066830744194,1.24249326982812,0,630,"spring"
"381",15,33,1.16066830744194,1.24249326982812,0,630,"spring"
"382",15,35,1.1407847499528,1.22178504866432,0,630,"spring"
"383",15,37,2.52796068003609,1.22178504866432,0,630,"spring"
"384",15,39,2.40407787024203,1.15966038517291,0.355555555555556,675,"spring"
"385",15,41,2.36724289277367,1.15966038517291,0,675,"spring"
"386",15,43,2.31363975392046,1.13895216400911,0,675,"spring"
"387",15,45,2.26269386468562,1.11824394284531,0,675,"spring"
"388",15,47,2.2159629231213,1.09753572168151,0,675,"spring"
"389",15,49,2.13432121932949,2.36073721267343,0,675,"spring"
"390",15,51,2.09638669029491,2.29861254918203,0,675,"spring"
"391",16,1,2.03307084594009,2.23648788569062,0,675,"spring"
"392",16,3,1.97910118989814,2.17436322219921,0,675,"spring"
"393",16,5,1.83991628747416,2.0294056740526,0,675,"spring"
"394",16,7,1.74682092153423,1.92586456823359,0,675,"spring"
"395",16,9,1.69816576472897,1.84303168357838,0,675,"spring"
"396",16,11,1.65528325364644,1.76019879892317,0,675,"spring"
"397",16,13,1.56658609397137,1.65665769310416,0,675,"spring"
"398",16,15,1.42135365793317,1.49099192379375,0,675,"spring"
"399",16,17,1.33879566116951,1.40815903913854,0,675,"spring"
"400",16,19,1.33247323966375,1.40815903913854,0,675,"spring"
"401",16,21,1.29737921884191,1.36674259681093,0,675,"spring"
"402",16,23,1.24964035500853,1.32532615448333,0,675,"spring"
"403",16,25,1.22380089320237,1.28390971215573,0,675,"spring"
"404",16,27,1.13134693234274,1.20107682750052,0,675,"spring"
"405",16,29,1.12502451083698,1.20107682750052,0,675,"spring"
"406",16,31,1.11677787409033,1.18036860633672,0,675,"spring"
"407",16,33,1.09542824784624,1.15966038517291,0,675,"spring"
"408",16,35,1.08351643921219,1.15966038517291,0,675,"spring"
"409",16,37,2.40389461164763,1.13895216400911,0,675,"spring"
"410",16,39,2.09831090553575,0.911161731207289,0.377777777777778,720,"spring"
"411",16,41,2.04058444830923,0.890453510043487,0,720,"spring"
"412",16,43,2.01227099547907,0.869745288879685,0,720,"spring"
"413",16,45,1.92018355180817,0.849037067715883,0,720,"spring"
"414",16,47,1.92742226628579,0.869745288879685,0,720,"spring"
"415",16,49,1.84046606325724,2.0708221163802,0,720,"spring"
"416",16,51,1.85329416486314,2.091530337544,0,720,"spring"
"417",17,1,1.78814573456464,2.0294056740526,0,720,"spring"
"418",17,3,1.71667488276038,1.96728101056119,0,720,"spring"
"419",17,5,1.66884438962982,1.90515634706979,0,720,"spring"
"420",17,7,1.65354229699993,1.88444812590598,0,720,"spring"
"421",17,9,1.66288848531279,1.84303168357838,0,720,"spring"
"422",17,11,1.53983033919335,1.67736591426796,0,720,"spring"
"423",17,13,1.61001838083704,1.73949057775937,0,720,"spring"
"424",17,15,1.57510761860956,1.69807413543177,0,720,"spring"
"425",17,17,1.54395365756666,1.65665769310416,0,720,"spring"
"426",17,19,1.48741838120353,1.59453302961276,0,720,"spring"
"427",17,21,1.44673497325341,1.55311658728515,0,720,"spring"
"428",17,23,1.40275291060463,1.51170014495755,0,720,"spring"
"429",17,25,1.39496442034391,1.49099192379375,0,720,"spring"
"430",17,27,1.30773332942382,1.40815903913854,0,720,"spring"
"431",17,29,1.27199790352168,1.36674259681093,0,720,"spring"
"432",17,31,1.26723318006806,1.36674259681093,0,720,"spring"
"433",17,33,1.246891476093,1.34603437564713,0,720,"spring"
"434",17,35,1.24560866593241,1.34603437564713,0,720,"spring"
"435",17,37,2.82593915448161,1.34603437564713,0,720,"spring"
"436",17,39,2.55187592660135,1.15966038517291,0.244444444444444,765,"spring"
"437",17,41,2.40187876710958,1.09753572168151,0,765,"spring"
"438",17,43,2.3903334756643,1.11824394284531,0,765,"spring"
"439",17,45,2.26681718305895,1.07682750051771,0,765,"spring"
"440",17,47,2.24711688416419,1.0561192793539,0,765,"spring"
"441",17,49,2.16666636123578,2.38144543383723,0,765,"spring"
"442",17,51,2.09437084575684,2.31932077034583,0,765,"spring"
"443",18,1,2.03930163814866,2.25719610685442,0,765,"spring"
"444",18,3,1.8987422962669,2.11223855870781,0,765,"spring"
"445",18,5,1.82030761787659,2.0294056740526,0,765,"spring"
"446",18,7,1.79959939671278,2.0086974528888,0,765,"spring"
"447",18,9,1.73610029376354,1.84303168357838,0,765,"spring"
"448",18,11,1.71713302924627,1.80161524125078,0,765,"spring"
"449",18,13,1.70403003974882,1.80161524125078,0,765,"spring"
"450",18,15,1.62706143011344,1.71878235659557,0,765,"spring"
"451",18,17,1.61359192342725,1.69807413543177,0,765,"spring"
"452",18,19,1.58097189362939,1.65665769310416,0,765,"spring"
"453",18,21,1.52691060829026,1.59453302961276,0,765,"spring"
"454",18,23,1.51179177425474,1.59453302961276,0,765,"spring"
"455",18,25,1.48860956206695,1.57382480844895,0,765,"spring"
"456",18,27,1.45470672210851,1.53240836612135,0,765,"spring"
"457",18,29,1.40577667741174,1.49099192379375,0,765,"spring"
"458",18,31,1.35748803779526,1.42886726030234,0,765,"spring"
"459",18,33,1.35043258191202,1.42886726030234,0,765,"spring"
"460",18,35,1.35043258191202,1.42886726030234,0,765,"spring"
"461",18,37,2.72084035061047,1.38745081797474,0,765,"spring"
"462",18,39,2.48278743652393,1.20107682750052,0.155555555555556,810,"spring"
"463",18,41,2.39858011241093,1.15966038517291,0,810,"spring"
"464",18,43,2.3208784683981,1.13895216400911,0,810,"spring"
"465",18,45,2.25637144317987,1.11824394284531,0,810,"spring"
"466",18,47,2.23566322201606,1.11824394284531,0,810,"spring"
"467",18,49,2.19791195157585,2.40215365500104,0,810,"spring"
"468",18,51,2.11975216107706,2.31932077034583,0,810,"spring"
"469",19,1,2.05781075618001,2.25719610685442,0,810,"spring"
"470",19,3,1.95601060700751,2.13294677987161,0,810,"spring"
"471",19,5,1.95188728863418,2.13294677987161,0,810,"spring"
"472",19,7,1.91083736349532,2.091530337544,0,810,"spring"
"473",19,9,1.74159805159464,1.88444812590598,0,810,"spring"
"474",19,11,1.5840872897337,1.69807413543177,0,810,"spring"
"475",19,13,1.52452824656347,1.63594947194036,0,810,"spring"
"476",19,15,1.51289132582098,1.61524125077656,0,810,"spring"
"477",19,17,1.48980074293035,1.59453302961276,0,810,"spring"
"478",19,19,1.48934259644442,1.57382480844895,0,810,"spring"
"479",19,21,1.43500642321373,1.51170014495755,0,810,"spring"
"480",19,23,1.44792615411682,1.53240836612135,0,810,"spring"
"481",19,25,1.36747563118841,1.42886726030234,0,810,"spring"
"482",19,27,1.35794618428118,1.42886726030234,0,810,"spring"
"483",19,29,1.31652974195357,1.38745081797474,0,810,"spring"
"484",19,31,1.26292660310036,1.32532615448333,0,810,"spring"
"485",19,33,1.2535804147875,1.32532615448333,0,810,"spring"
"486",19,35,1.22233482444742,1.30461793331953,0,810,"spring"
"487",19,37,2.84948788385811,1.15966038517291,0,810,"spring"
"488",19,39,2.6565165839866,1.0147028370263,0.222222222222222,855,"spring"
"489",19,41,2.59649939433043,1.0354110581901,0,855,"spring"
"490",19,43,2.47151703297016,1.0354110581901,0,855,"spring"
"491",19,45,2.3676094099624,1.0147028370263,0,855,"spring"
"492",19,47,2.35349849819591,1.0147028370263,0,855,"spring"
"493",19,49,2.29467248940315,2.50569476082005,0,855,"spring"
"494",19,51,2.22750821456657,2.40215365500104,0,855,"spring"
"495",20,1,2.10683243017396,2.27790432801822,0,855,"spring"
"496",20,3,1.98075051724744,2.13294677987161,0,855,"spring"
"497",20,5,1.96132510624425,2.13294677987161,0,855,"spring"
"498",20,7,1.91734304359545,2.091530337544,0,855,"spring"
"499",20,9,1.63237592935018,1.78090702008697,0,855,"spring"
"500",20,11,1.65977308920848,1.78090702008697,0,855,"spring"
"501",20,13,1.59572421047619,1.67736591426796,0,855,"spring"
"502",20,15,1.64520403095607,1.73949057775937,0,855,"spring"
"503",20,17,1.61331703553569,1.69807413543177,0,855,"spring"
"504",20,19,1.56576143029668,1.65665769310416,0,855,"spring"
"505",20,21,1.53698983098061,1.63594947194036,0,855,"spring"
"506",20,23,1.45030851584362,1.55311658728515,0,855,"spring"
"507",20,25,1.33632167014553,1.42886726030234,0,855,"spring"
"508",20,27,1.34676741002462,1.44957548146614,0,855,"spring"
"509",20,29,1.34676741002462,1.44957548146614,0,855,"spring"
"510",20,31,1.33641329944272,1.42886726030234,0,855,"spring"
"511",20,33,1.33641329944272,1.42886726030234,0,855,"spring"
"512",20,35,1.30086113213495,1.38745081797474,0,855,"spring"
"513",20,37,2.48077159198583,1.34603437564713,0,855,"spring"
"514",20,39,2.21779550906497,1.11824394284531,0.311111111111111,900,"spring"
"515",20,41,2.16611658545267,1.13895216400911,0,900,"spring"
"516",20,43,2.10884827471206,1.09753572168151,0,900,"spring"
"517",20,45,2.0775110550748,1.11824394284531,0,900,"spring"
"518",20,47,1.99559446339143,1.07682750051771,0,900,"spring"
"519",20,49,1.97928444849251,2.11223855870781,0,900,"spring"
"520",20,51,1.89406920211048,2.0294056740526,0,900,"spring"
"521",21,1,1.85585978518435,1.98798923172499,0,900,"spring"
"522",21,3,1.7476455852089,1.86373990474218,0,900,"spring"
"523",21,5,1.74443855980744,1.86373990474218,0,900,"spring"
"524",21,7,1.64776965127728,1.76019879892317,0,900,"spring"
"525",21,9,1.5889436424845,1.69807413543177,0,900,"spring"
"526",21,11,1.57052615375032,1.65665769310416,0,900,"spring"
"527",21,13,1.5177476785718,1.59453302961276,0,900,"spring"
"528",21,15,1.4652440912848,1.53240836612135,0,900,"spring"
"529",21,17,1.47523168467795,1.55311658728515,0,900,"spring"
"530",21,19,1.44004603455892,1.51170014495755,0,900,"spring"
"531",21,21,1.40458549654833,1.47028370262994,0,900,"spring"
"532",21,23,1.36316905422073,1.42886726030234,0,900,"spring"
"533",21,25,1.36060343389955,1.42886726030234,0,900,"spring"
"534",21,27,1.31561344898172,1.38745081797474,0,900,"spring"
"535",21,29,1.28867443560935,1.34603437564713,0,900,"spring"
"536",21,31,1.2852841516135,1.34603437564713,0,900,"spring"
"537",21,33,1.22105201428684,1.28390971215573,0,900,"spring"
"538",21,35,1.21711195450788,1.28390971215573,0,900,"spring"
"539",21,37,2.68822032081259,1.28390971215573,0,900,"spring"
"540",21,39,2.43972166684696,1.0354110581901,0.266666666666667,945,"spring"
"541",21,41,2.39069999285302,1.0354110581901,0,945,"spring"
"542",21,43,2.36247816932004,1.0354110581901,0,945,"spring"
"543",21,45,2.31107413359929,1.0147028370263,0,945,"spring"
"544",21,47,2.16318444794272,0.952578173534893,0,945,"spring"
"545",21,49,2.10802361103738,2.34002899150963,0,945,"spring"
"546",21,51,2.0349034318838,2.27790432801822,0,945,"spring"
"547",22,1,1.95573571911598,2.19507144336302,0,945,"spring"
"548",22,3,1.88875470287378,2.11223855870781,0,945,"spring"
"549",22,5,1.81389356707364,2.0294056740526,0,945,"spring"
"550",22,7,1.76817054777834,1.96728101056119,0,945,"spring"
"551",22,9,1.63265081724172,1.76019879892317,0,945,"spring"
"552",22,11,1.5937999952353,1.69807413543177,0,945,"spring"
"553",22,13,1.47568983116388,1.57382480844895,0,945,"spring"
"554",22,15,1.41915455480075,1.51170014495755,0,945,"spring"
"555",22,17,1.35950388233333,1.42886726030234,0,945,"spring"
"556",22,19,1.32688385253548,1.40815903913854,0,945,"spring"
"557",22,21,1.26970717109206,1.34603437564713,0,945,"spring"
"558",22,23,1.1999772759343,1.28390971215573,0,945,"spring"
"559",22,25,1.17936068406769,1.26320149099192,0,945,"spring"
"560",22,27,1.12062630457211,1.20107682750052,0,945,"spring"
"561",22,29,1.08553228375027,1.15966038517291,0,945,"spring"
"562",22,31,1.07719401770644,1.13895216400911,0,945,"spring"
"563",22,33,1.00471524363313,1.07682750051771,0,945,"spring"
"564",22,35,0.981991177931263,1.0561192793539,0,945,"spring"
"565",22,37,2.47646501501814,0.993994615862497,0,945,"spring"
"566",22,39,2.27607174207461,0.828328846552081,0.244444444444444,990,"spring"
"567",22,41,2.21477174225787,0.828328846552081,0,990,"spring"
"568",22,43,2.10939805049514,0.786912404224477,0,990,"spring"
"569",22,45,2.087040501982,0.807620625388279,0,990,"spring"
"570",22,47,1.99302884307021,0.766204183060675,0,990,"spring"
"571",22,49,1.97296202698671,2.0294056740526,0,990,"spring"
"572",22,51,1.9158769748405,1.96728101056119,0,990,"spring"
"573",23,1,1.88408160871731,1.92586456823359,0,990,"spring"
"574",23,3,1.85540163869843,1.90515634706979,0,990,"spring"
"575",23,5,1.85311090626881,1.90515634706979,0,990,"spring"
"576",23,7,1.81288564480462,1.86373990474218,0,990,"spring"
"577",23,9,1.84431449373902,1.88444812590598,0,990,"spring"
"578",23,11,1.87015395554519,1.92586456823359,0,990,"spring"
"579",23,13,1.74727906802014,1.82232346241458,0,990,"spring"
"580",23,15,1.64309655712081,1.71878235659557,0,990,"spring"
"581",23,17,1.62110552579642,1.67736591426796,0,990,"spring"
"582",23,19,1.58088026433221,1.61524125077656,0,990,"spring"
"583",23,21,1.55788131073878,1.59453302961276,0,990,"spring"
"584",23,23,1.49291613903464,1.55311658728515,0,990,"spring"
"585",23,25,1.44755963692808,1.51170014495755,0,990,"spring"
"586",23,27,1.41182421102595,1.47028370262994,0,990,"spring"
"587",23,29,1.38616800781416,1.44957548146614,0,990,"spring"
"588",23,31,1.32422660291711,1.38745081797474,0,990,"spring"
"589",23,33,1.27547981681472,1.34603437564713,0,990,"spring"
"590",23,35,1.2256334791461,1.28390971215573,0,990,"spring"
"591",23,37,2.6341590354735,1.24249326982812,0,990,"spring"
"592",23,39,2.33618056102798,1.0147028370263,0.333333333333333,1035,"spring"
"593",23,41,2.22759984386379,0.993994615862497,0,1035,"spring"
"594",23,43,2.1653835510752,0.973286394698695,0,1035,"spring"
"595",23,45,2.11287996378824,0.952578173534893,0,1035,"spring"
"596",23,47,2.01804364120178,0.952578173534893,0,1035,"spring"
"597",23,49,1.97845978481788,2.091530337544,0,1035,"spring"
"598",23,51,1.93035440379576,2.0294056740526,0,1035,"spring"
"599",24,1,1.86685530084656,1.96728101056119,0,1035,"spring"
"600",24,3,1.7677124012924,1.86373990474218,0,1035,"spring"
"601",24,5,1.74324737894402,1.84303168357838,0,1035,"spring"
"602",24,7,1.66976068260166,1.76019879892317,0,1035,"spring"
"603",24,9,1.54541972632163,1.61524125077656,0,1035,"spring"
"604",24,11,1.41283213329499,1.47028370262994,0,1035,"spring"
"605",24,13,1.40834229773293,1.47028370262994,0,1035,"spring"
"606",24,15,1.42391927825436,1.49099192379375,0,1035,"spring"
"607",24,17,1.35895410655022,1.42886726030234,0,1035,"spring"
"608",24,19,1.34979117683171,1.42886726030234,0,1035,"spring"
"609",24,21,1.30837473450411,1.38745081797474,0,1035,"spring"
"610",24,23,1.26732480936524,1.32532615448333,0,1035,"spring"
"611",24,25,1.27071509336109,1.34603437564713,0,1035,"spring"
"612",24,27,1.23067309049125,1.30461793331953,0,1035,"spring"
"613",24,29,1.25138131165506,1.32532615448333,0,1035,"spring"
"614",24,31,1.18788220870587,1.26320149099192,0,1035,"spring"
"615",24,33,1.14857324021352,1.22178504866432,0,1035,"spring"
"616",24,35,1.10715679788592,1.18036860633672,0,1035,"spring"
"617",24,37,2.72991165103173,1.11824394284531,0,1035,"spring"
"618",24,39,2.48251254863234,0.993994615862497,0.2,1080,"spring"
"619",24,41,2.40306994797298,0.973286394698695,0,1080,"spring"
"620",24,43,2.32133661488401,0.952578173534893,0,1080,"spring"
"621",24,45,2.27515544910276,0.952578173534893,0,1080,"spring"
"622",24,47,2.20799117426617,0.931869952371091,0,1080,"spring"
"623",24,49,2.10994782627826,2.21577966452682,0,1080,"spring"
"624",24,51,2.03728579361059,2.15365500103541,0,1080,"spring"
"625",25,1,2.01538639158339,2.13294677987161,0,1080,"spring"
"626",25,3,1.91257832014186,2.0294056740526,0,1080,"spring"
"627",25,5,1.82864588392042,1.92586456823359,0,1080,"spring"
"628",25,7,1.82653841008517,1.92586456823359,0,1080,"spring"
"629",25,9,1.61065978591731,1.67736591426796,0,1080,"spring"
"630",25,11,1.62138041368797,1.65665769310416,0,1080,"spring"
"631",25,13,1.55568220760635,1.57382480844895,0,1080,"spring"
"632",25,15,1.51243317933505,1.53240836612135,0,1080,"spring"
"633",25,17,1.4968561988136,1.53240836612135,0,1080,"spring"
"634",25,19,1.48182899407526,1.51170014495755,0,1080,"spring"
"635",25,21,1.4761479776498,1.51170014495755,0,1080,"spring"
"636",25,23,1.4761479776498,1.51170014495755,0,1080,"spring"
"637",25,25,1.39331509299458,1.42886726030234,0,1080,"spring"
"638",25,27,1.37260687183079,1.40815903913854,0,1080,"spring"
"639",25,29,1.3481418494824,1.38745081797474,0,1080,"spring"
"640",25,31,1.35189865066699,1.38745081797474,0,1080,"spring"
"641",25,33,1.31048220833938,1.34603437564713,0,1080,"spring"
"642",25,35,1.27227279141324,1.30461793331953,0,1080,"spring"
"643",25,37,2.67667502936735,1.24249326982812,0,1080,"spring"
"644",25,39,2.30365216052734,0.973286394698695,0.333333333333333,1125,"spring"
"645",25,41,2.23199805012868,0.931869952371091,0,1125,"spring"
"646",25,43,2.20258504573231,0.952578173534893,0,1125,"spring"
"647",25,45,2.13578728808445,0.911161731207289,0,1125,"spring"
"648",25,47,2.12112660053487,0.931869952371091,0,1125,"spring"
"649",25,49,2.1038086633669,2.31932077034583,0,1125,"spring"
"650",25,51,2.03966815533742,2.25719610685442,0,1125,"spring"
"651",26,1,2.01950970995671,2.23648788569062,0,1125,"spring"
"652",26,3,1.99312047236744,2.19507144336302,0,1125,"spring"
"653",26,5,1.9506961077708,2.15365500103541,0,1125,"spring"
"654",26,7,1.882432281368,2.091530337544,0,1125,"spring"
"655",26,9,1.70192256591358,1.84303168357838,0,1125,"spring"
"656",26,11,1.68066456896667,1.82232346241458,0,1125,"spring"
"657",26,13,1.55091748415275,1.63594947194036,0,1125,"spring"
"658",26,15,1.51289132582098,1.59453302961276,0,1125,"spring"
"659",26,17,1.47962989094283,1.55311658728515,0,1125,"spring"
"660",26,19,1.44050418104484,1.51170014495755,0,1125,"spring"
"661",26,21,1.38635126640853,1.44957548146614,0,1125,"spring"
"662",26,23,1.34493482408093,1.40815903913854,0,1125,"spring"
"663",26,25,1.34493482408093,1.40815903913854,0,1125,"spring"
"664",26,27,1.26732480936525,1.30461793331953,0,1125,"spring"
"665",26,29,1.27383048946538,1.32532615448333,0,1125,"spring"
"666",26,31,1.22297622952772,1.26320149099192,0,1125,"spring"
"667",26,33,1.16973960786325,1.22178504866432,0,1125,"spring"
"668",26,35,1.17587877077465,1.22178504866432,0,1125,"spring"
"669",26,37,2.4286345218876,1.22178504866432,0,1125,"spring"
"670",26,39,2.13248863338579,0.973286394698695,0.333333333333333,1170,"spring"
"671",26,41,2.07036396989437,0.931869952371091,0,1170,"spring"
"672",26,43,2.01327891774813,0.931869952371091,0,1170,"spring"
"673",26,45,1.95610223630469,0.890453510043487,0,1170,"spring"
"674",26,47,1.93191210184788,0.911161731207289,0,1170,"spring"
"675",26,49,1.84578056249399,1.96728101056119,0,1170,"spring"
"676",26,51,1.77834139976584,1.88444812590598,0,1170,"spring"
"677",27,1,1.70467144482914,1.80161524125078,0,1170,"spring"
"678",27,3,1.66270522671842,1.76019879892317,0,1170,"spring"
"679",27,5,1.67370074238062,1.76019879892317,0,1170,"spring"
"680",27,7,1.64502077236172,1.71878235659557,0,1170,"spring"
"681",27,9,1.5675940162404,1.59453302961276,0,1170,"spring"
"682",27,11,1.59618235696211,1.65665769310416,0,1170,"spring"
"683",27,13,1.53332465909323,1.57382480844895,0,1170,"spring"
"684",27,15,1.47202465927647,1.51170014495755,0,1170,"spring"
"685",27,17,1.47083347841307,1.51170014495755,0,1170,"spring"
"686",27,19,1.44261165488008,1.49099192379375,0,1170,"spring"
"687",27,21,1.42190343371628,1.47028370262994,0,1170,"spring"
"688",27,23,1.42190343371628,1.47028370262994,0,1170,"spring"
"689",27,25,1.39001643829591,1.44957548146614,0,1170,"spring"
"690",27,27,1.30828310520691,1.34603437564713,0,1170,"spring"
"691",27,29,1.31836232789726,1.36674259681093,0,1170,"spring"
"692",27,31,1.27767891994714,1.32532615448333,0,1170,"spring"
"693",27,33,1.25623766440586,1.30461793331953,0,1170,"spring"
"694",27,35,1.22517533266015,1.26320149099192,0,1170,"spring"
"695",27,37,2.58138056029495,1.15966038517291,0,1170,"spring"
"696",27,39,2.30585126365974,0.890453510043487,0.288888888888889,1215,"spring"
"697",27,41,2.23703766147383,0.890453510043487,0,1215,"spring"
"698",27,43,2.17784513549234,0.869745288879685,0,1215,"spring"
"699",27,45,2.1609853448103,0.869745288879685,0,1215,"spring"
"700",27,47,2.13267189198014,0.890453510043487,0,1215,"spring"
"701",27,49,2.0189599341736,2.0708221163802,0,1215,"spring"
"702",27,51,1.97406157855296,2.0086974528888,0,1215,"spring"
